event_id,source_log,event_in_trial,trigger_time_s,detected_range_m,zone_radius_m
1,proximity_stop_moving_safe_10_2026-10-01.jsonl,1,5.399948835372925,0.22856739163398743,0.3653
2,proximity_stop_moving_safe_10_2026-10-01.jsonl,2,10.399901390075684,0.2646832764148712,0.3653
3,proximity_stop_moving_safe_10_2026-10-01.jsonl,3,16.20019841194153,0.2753582298755646,0.3653
4,proximity_stop_moving_safe_1_2026-10-01.jsonl,1,5.100018739700317,0.22595097124576569,0.3653
5,proximity_stop_moving_safe_1_2026-10-01.jsonl,2,10.499972820281982,0.25814470648765564,0.3653
6,proximity_stop_moving_safe_1_2026-10-01.jsonl,3,16.299917221069336,0.26485177874565125,0.3653
7,proximity_stop_moving_safe_2_2026-10-01.jsonl,1,5.299951076507568,0.2291482836008072,0.3653
8,proximity_stop_moving_safe_2_2026-10-01.jsonl,2,10.499940156936646,0.26706597208976746,0.3653
9,proximity_stop_moving_safe_2_2026-10-01.jsonl,3,16.299959182739258,0.26346179842948914,0.3653
10,proximity_stop_moving_safe_3_2026-10-01.jsonl,1,5.249932050704956,0.2213314324617386,0.3653
11,proximity_stop_moving_safe_3_2026-10-01.jsonl,2,10.44992733001709,0.25776025652885437,0.3653
12,proximity_stop_moving_safe_3_2026-10-01.jsonl,3,16.249920129776,0.2741940915584564,0.3653
13,proximity_stop_moving_safe_4_2026-10-01.jsonl,1,5.000009536743164,0.23021478950977325,0.3653
14,proximity_stop_moving_safe_4_2026-10-01.jsonl,2,10.39994215965271,0.26145827770233154,0.3653
15,proximity_stop_moving_safe_4_2026-10-01.jsonl,3,16.19997811317444,0.27218738198280334,0.3653
16,proximity_stop_moving_safe_5_2026-10-01.jsonl,1,4.9999706745147705,0.2291194647550583,0.3653
17,proximity_stop_moving_safe_5_2026-10-01.jsonl,2,10.399958372116089,0.2599092125892639,0.3653
18,proximity_stop_moving_safe_5_2026-10-01.jsonl,3,16.19993233680725,0.2690424621105194,0.3653
19,proximity_stop_moving_safe_6_2026-10-01.jsonl,1,5.449942350387573,0.21999527513980865,0.3653
20,proximity_stop_moving_safe_6_2026-10-01.jsonl,2,10.449830770492554,0.2574394941329956,0.3653
21,proximity_stop_moving_safe_6_2026-10-01.jsonl,3,16.24980926513672,0.26569005846977234,0.3653
22,proximity_stop_moving_safe_7_2026-10-01.jsonl,1,5.04990816116333,0.22703741490840912,0.3653
23,proximity_stop_moving_safe_7_2026-10-01.jsonl,2,10.449821472167969,0.2558096647262573,0.3653
24,proximity_stop_moving_safe_7_2026-10-01.jsonl,3,16.249837160110474,0.26430070400238037,0.3653
25,proximity_stop_moving_safe_8_2026-10-01.jsonl,1,5.199976921081543,0.23203803598880768,0.3653
26,proximity_stop_moving_safe_8_2026-10-01.jsonl,2,10.39995002746582,0.26378557085990906,0.3653
27,proximity_stop_moving_safe_8_2026-10-01.jsonl,3,16.199954509735107,0.2689666748046875,0.3653
28,proximity_stop_moving_safe_9_2026-10-01.jsonl,1,5.399787425994873,0.21632306277751923,0.3653
29,proximity_stop_moving_safe_9_2026-10-01.jsonl,2,10.39981484413147,0.26580730080604553,0.3653
30,proximity_stop_moving_safe_9_2026-10-01.jsonl,3,16.20003032684326,0.2669525444507599,0.3653
