payload_mass_kg,ols_fit_mps2,prediction_se_mps2,lower_prediction_bound_mps2
0.0,5.916203793018501,0.43677168312917525,5.187855441254563
0.25,5.8825380612599005,0.4364135589705854,5.154786907415862
0.5,5.8488723295013,0.4360648502894008,5.1217026725880315
0.75,5.8152065977427,0.4357255796910792,5.088602699074835
1.0,5.781540865984099,0.43539576923874834,5.055486950084414
1.25,5.747875134225499,0.43507544044629826,5.022355389740801
1.5,5.7142094024668975,0.4347646142716128,4.989207983095209
1.75,5.680543670708297,0.43446331110994035,4.95604469613709
2.0,5.646877938949697,0.4341715507874119,4.922865495804934
2.25,5.613212207191096,0.43388935255470873,4.889670349996841
2.5,5.579546475432496,0.4336167350808859,4.856459227580811
2.75,5.545880743673895,0.4333537164473552,4.823232098404784
3.0,5.512215011915295,0.4331003141420324,4.789988933306396
3.25,5.478549280156694,0.432856545053652,4.75672970412246
3.5,5.444883548398094,0.43262242546625596,4.7234543836981615
3.75,5.411217816639493,0.43239797105385774,4.690162945895947
4.0,5.377552084880892,0.4321831968752883,4.656855365604131
4.25,5.343886353122292,0.43197811736922553,4.623531618745172
4.5,5.310220621363691,0.43178274634941266,4.590191682283657
4.75,5.276554889605091,0.431597097000069,4.556835534233945
5.0,5.2428891578464905,0.43142118187149475,4.523463153667503
5.25,5.20922342608789,0.4312550128758767,4.490074520719901
5.5,5.17555769432929,0.43109860128329397,4.456669616597465
5.75,5.141891962570689,0.4309519577179308,4.423248423583602
6.0,5.108226230812088,0.43081509215449576,4.389810925044762
6.25,5.074560499053488,0.4306880139148533,4.356357105436065
6.5,5.040894767294887,0.43057073166486803,4.322886950306553
6.75,5.0072290355362865,0.4304632534114655,4.289400446304101
7.0,4.973563303777686,0.4303655864999106,4.255897581179947
7.25,4.939897572019086,0.43027773761130766,4.222378343792868
7.5,4.906231840260485,0.4301997127603217,4.188842724112974
7.75,4.872566108501885,0.43013151729312515,4.1552907132251375
8.0,4.838900376743284,0.4300731558855697,4.121722303332037
8.25,4.805234644984684,0.4300246325415858,4.088137487756829
8.5,4.7715689132260835,0.4299859505918104,4.054536260945436
8.75,4.737903181467482,0.4299571126924459,4.020918618468447
9.0,4.704237449708882,0.42993812082434746,3.9872845570226456
9.25,4.670571717950281,0.4299289762923435,3.9536340744321348
9.5,4.636905986191681,0.4299296797247877,3.919967169649089
9.75,4.60324025443308,0.4299402310733427,3.8862838427541146
10.0,4.56957452267448,0.4299606296129971,3.852584094956221
10.25,4.5359087909158795,0.4299908739423143,3.818867928592404
10.5,4.502243059157279,0.4300309619839138,3.785135347126846
10.75,4.468577327398679,0.4300808909851845,3.7513863551497253
11.0,4.434911595640077,0.43014065751922914,3.71762095837564
11.25,4.401245863881478,0.43021025748603914,3.683839163641653
11.5,4.367580132122876,0.43028968611389956,3.650040978904941
11.75,4.333914400364276,0.4303789379610219,3.6162264132400814
12.0,4.300248668605676,0.4304780069174042,3.582395476835944
12.25,4.266582936847075,0.43058688620691765,3.5485481809922126
12.5,4.232917205088475,0.430705568389616,3.514684538115536
12.75,4.199251473329874,0.43083404536426795,3.4808045617153027
13.0,4.165585741571274,0.4309723083711095,3.4469082663990527
13.25,4.1319200098126725,0.43112034799481475,3.412995667867521
13.5,4.098254278054073,0.4312781541676814,3.379066782909332
13.75,4.064588546295472,0.43144571617303057,3.345121629395318
14.0,4.030922814536871,0.4316230226488167,3.311160226272515
14.25,3.9972570827782707,0.43181006159144486,3.2771825935577836
14.5,3.9635913510196703,0.43200682035979315,3.2431887523311085
14.75,3.92992561926107,0.43221328567943684,3.2091787247285524
15.0,3.8962598875024694,0.43242944364707087,3.1751525339348814
15.25,3.862594155743869,0.43265527973512663,3.1411102041758663
15.5,3.828928423985268,0.4328907787965816,3.1070517607102612
15.75,3.7952626922266677,0.43313592506995524,3.0729772298214755
16.0,3.7615969604680672,0.4333907021844904,3.0388866388089295
16.25,3.727931228709467,0.43365509316551343,3.0047800159791183
16.5,3.6942654969508664,0.4339290804399717,2.9706573906363776
16.75,3.6605997651922655,0.4342126458421419,2.936518793073363
17.0,3.626934033433665,0.43450577061950757,2.9023642545612525
17.25,3.5932683016750646,0.4348084354387983,2.8681938073396713
17.5,3.559602569916464,0.43512062039218957,2.8340074846063565
17.75,3.5259368381578637,0.43544230500365605,2.799805320506559
18.0,3.492271106399263,0.43577346823547525,2.7655873501222024
