trial_id,payload_mass_kg,max_decel_mps2,pose_samples
adaptive_sep_braking_1_2026-09-26,0.0,4.820906823440507,132
adaptive_sep_braking_2_2026-09-26,0.0,6.555061916172177,132
adaptive_sep_braking_3_2026-09-26,0.0,6.419782135057352,133
braking_0kg_0,0.0,6.223,134
braking_0kg_4_2026-09-28,0.0,4.7376,134
braking_0kg_5_2026-09-28,0.0,6.6410,134
braking_0kg_6_2026-09-28,0.0,6.6410,134
braking_0kg_7_2026-09-28,0.0,5.8306,134
braking_0kg_8_2026-09-28,0.0,6.5016,133
braking_0kg_9_2026-09-28,0.0,6.1159,133
braking_0kg_10_2026-09-28,0.0,6.6410,134
braking_0kg_11_2026-09-28,0.0,4.6047,134
braking_0kg_12_2026-09-28,0.0,6.6020,133
braking_0kg_13_2026-09-28,0.0,6.1159,134
braking_0kg_14_2026-09-28,0.0,6.5341,134
braking_0kg_15_2026-09-28,0.0,4.6047,134
braking_10kg_1_2026-09-28,10.0,4.506003125092405,135
braking_10kg_2_2026-09-28,10.0,4.752085490771184,136
braking_10kg_3_2026-09-28,10.0,4.6862349104310725,135
braking_10kg_4_2026-09-28,10.0,4.256392164581128,135
braking_10kg_5_2026-09-28,10.0,4.74951097274843,136
braking_10kg_6_2026-09-28,10.0,4.256374712984539,135
braking_10kg_7_2026-09-28,10.0,4.681356750724425,136
braking_10kg_8_2026-09-28,10.0,4.3225565011867095,135
braking_10kg_9_2026-09-28,10.0,4.686216519146621,135
braking_10kg_10_2026-09-28,10.0,4.752095860749499,136
braking_10kg_11_2026-09-28,10.0,4.497387044388781,136
braking_10kg_12_2026-09-28,10.0,4.497215184421779,136
braking_10kg_13_2026-09-28,10.0,4.38387443294152,136
braking_10kg_14_2026-09-28,10.0,4.732468818802799,136
braking_10kg_15_2026-09-28,10.0,4.497199227537368,135
braking_15kg_1_2026-09-28,15.0,3.9687264905353277,136
braking_15kg_2_2026-09-28,15.0,3.8401926863176024,135
braking_15kg_3_2026-09-28,15.0,3.7676699116348282,135
braking_15kg_4_2026-09-28,15.0,4.015820331960483,136
braking_15kg_5_2026-09-28,15.0,3.8625660370606036,135
braking_15kg_6_2026-09-28,15.0,3.885953054912525,135
braking_15kg_7_2026-09-28,15.0,3.6964190886162056,135
braking_15kg_8_2026-09-28,15.0,3.83146211655285,136
braking_15kg_9_2026-09-28,15.0,3.767726972486065,135
braking_15kg_10_2026-09-28,15.0,3.8767329067969407,135
braking_15kg_11_2026-09-28,15.0,3.8799274352810493,135
braking_15kg_12_2026-09-28,15.0,3.996670328571026,136
braking_15kg_13_2026-09-28,15.0,3.879568137435633,135
braking_15kg_14_2026-09-28,15.0,3.879556233693511,135
braking_15kg_15_2026-09-28,15.0,3.96832522324392,135
braking_5kg_1_2026-09-29c,5.0,5.335181626664244,135
braking_5kg_2_2026-09-29c,5.0,5.335172410118631,135
braking_5kg_3_2026-09-29c,5.0,5.297949547336339,135
braking_5kg_4_2026-09-29c,5.0,4.5062528811809575,135
braking_5kg_5_2026-09-29c,5.0,4.806744863537485,136
braking_5kg_6_2026-09-29c,5.0,4.506252325291231,135
braking_5kg_7_2026-09-29c,5.0,5.902687180453238,135
braking_5kg_8_2026-09-29c,5.0,5.359856192527678,135
braking_12kg_1_2026-09-29c,12.0,4.382724219512096,135
braking_12kg_2_2026-09-29c,12.0,4.335328411075105,135
braking_12kg_3_2026-09-29c,12.0,4.272801501389151,135
braking_12kg_4_2026-09-29c,12.0,3.9932160318896464,135
braking_12kg_5_2026-09-29c,12.0,4.479532741748055,136
braking_12kg_6_2026-09-29c,12.0,4.2177046570243615,136
braking_12kg_7_2026-09-29c,12.0,4.349814123072572,136
braking_12kg_8_2026-09-29c,12.0,4.062451124811445,135
braking_18kg_1_2026-09-29c,18.0,3.585040658945018,135
braking_18kg_2_2026-09-29c,18.0,3.758801291351846,135
braking_18kg_3_2026-09-29c,18.0,3.758814900632214,135
braking_18kg_4_2026-09-29c,18.0,3.4266512698582945,135
braking_18kg_5_2026-09-29c,18.0,3.5821588940696536,135
braking_18kg_6_2026-09-29c,18.0,3.5051009332636567,135
braking_18kg_7_2026-09-29c,18.0,3.707300728215667,135
braking_18kg_8_2026-09-29c,18.0,3.499370243516232,135
