design,payload,valid_trial_count,bin_low_m,bin_high_m,bin_center_m,paired_sample_count,median_vmax_mps
Minimum Margin,0 kg (unloaded),30,0.39999999999999997,0.44999999999999996,0.42499999999999993,3136,0.07000000029802322
Minimum Margin,0 kg (unloaded),30,0.44999999999999996,0.49999999999999994,0.475,16481,0.07000000029802322
Minimum Margin,0 kg (unloaded),30,0.49999999999999994,0.5499999999999999,0.5249999999999999,13993,0.07000000029802322
Minimum Margin,0 kg (unloaded),30,0.5499999999999999,0.5999999999999999,0.575,7582,0.15000000596046448
Minimum Margin,0 kg (unloaded),30,0.5999999999999999,0.6499999999999999,0.6249999999999999,3664,0.15000000596046448
Minimum Margin,0 kg (unloaded),30,0.6499999999999999,0.7,0.6749999999999999,1390,0.15000000596046448
Minimum Margin,0 kg (unloaded),30,0.7,0.7499999999999999,0.7249999999999999,2109,0.15000000596046448
Minimum Margin,0 kg (unloaded),30,0.7499999999999999,0.7999999999999998,0.7749999999999999,1142,0.15000000596046448
Minimum Margin,0 kg (unloaded),30,0.7999999999999998,0.8499999999999999,0.8249999999999998,47,0.15000000596046448
Minimum Margin,10 kg,30,0.35,0.39999999999999997,0.375,15,0.07000000029802322
Minimum Margin,10 kg,30,0.39999999999999997,0.44999999999999996,0.42499999999999993,2939,0.07000000029802322
Minimum Margin,10 kg,30,0.44999999999999996,0.49999999999999994,0.475,16783,0.07000000029802322
Minimum Margin,10 kg,30,0.49999999999999994,0.5499999999999999,0.5249999999999999,14298,0.07000000029802322
Minimum Margin,10 kg,30,0.5499999999999999,0.5999999999999999,0.575,8325,0.1272033154964447
Minimum Margin,10 kg,30,0.5999999999999999,0.6499999999999999,0.6249999999999999,3266,0.15000000596046448
Minimum Margin,10 kg,30,0.6499999999999999,0.7,0.6749999999999999,1475,0.15000000596046448
Minimum Margin,10 kg,30,0.7,0.7499999999999999,0.7249999999999999,2047,0.15000000596046448
Minimum Margin,10 kg,30,0.7499999999999999,0.7999999999999998,0.7749999999999999,1158,0.15000000596046448
Minimum Margin,10 kg,30,0.7999999999999998,0.8499999999999999,0.8249999999999998,22,0.15000000596046448
Comfort Margin,0 kg (unloaded),30,0.39999999999999997,0.44999999999999996,0.42499999999999993,3160,0.0701836422085762
Comfort Margin,0 kg (unloaded),30,0.44999999999999996,0.49999999999999994,0.475,17024,0.07042624428868294
Comfort Margin,0 kg (unloaded),30,0.49999999999999994,0.5499999999999999,0.5249999999999999,14085,0.07085868716239929
Comfort Margin,0 kg (unloaded),30,0.5499999999999999,0.5999999999999999,0.575,7644,0.07134782522916794
Comfort Margin,0 kg (unloaded),30,0.5999999999999999,0.6499999999999999,0.6249999999999999,3686,0.0720791295170784
Comfort Margin,0 kg (unloaded),30,0.6499999999999999,0.7,0.6749999999999999,1409,0.07305118441581726
Comfort Margin,0 kg (unloaded),30,0.7,0.7499999999999999,0.7249999999999999,2127,0.07403140515089035
Comfort Margin,0 kg (unloaded),30,0.7499999999999999,0.7999999999999998,0.7749999999999999,1143,0.07502928376197815
Comfort Margin,0 kg (unloaded),30,0.7999999999999998,0.8499999999999999,0.8249999999999998,47,0.07598888128995895
Comfort Margin,10 kg,30,0.35,0.39999999999999997,0.375,16,0.07003729790449142
Comfort Margin,10 kg,30,0.39999999999999997,0.44999999999999996,0.42499999999999993,2969,0.07016728073358536
Comfort Margin,10 kg,30,0.44999999999999996,0.49999999999999994,0.475,17222,0.0704185888171196
Comfort Margin,10 kg,30,0.49999999999999994,0.5499999999999999,0.5249999999999999,14411,0.07086734473705292
Comfort Margin,10 kg,30,0.5499999999999999,0.5999999999999999,0.575,8394,0.07132625579833984
Comfort Margin,10 kg,30,0.5999999999999999,0.6499999999999999,0.6249999999999999,3321,0.07211454212665558
Comfort Margin,10 kg,30,0.6499999999999999,0.7,0.6749999999999999,1499,0.0731075182557106
Comfort Margin,10 kg,30,0.7,0.7499999999999999,0.7249999999999999,2080,0.07401248067617416
Comfort Margin,10 kg,30,0.7499999999999999,0.7999999999999998,0.7749999999999999,1162,0.07502201944589615
Comfort Margin,10 kg,30,0.7999999999999998,0.8499999999999999,0.8249999999999998,22,0.07599768787622452
