separation_m,minimum_margin_theory_mps,comfort_margin_theory_mps
0.2,0.07,0.07
0.20714285714285716,0.07,0.07
0.2142857142857143,0.07,0.07
0.22142857142857145,0.07,0.07
0.2285714285714286,0.07,0.07
0.2357142857142857,0.07,0.07
0.24285714285714285,0.07,0.07
0.25,0.07,0.07
0.2571428571428571,0.07,0.07
0.2642857142857143,0.07,0.07
0.27142857142857146,0.07,0.07
0.2785714285714286,0.07,0.07
0.2857142857142857,0.07,0.07
0.29285714285714287,0.07,0.07
0.3,0.07,0.07
0.30714285714285716,0.07,0.07
0.3142857142857143,0.07,0.07
0.3214285714285714,0.07,0.07
0.32857142857142857,0.07,0.07
0.33571428571428574,0.07,0.07
0.34285714285714286,0.07,0.07
0.35,0.07,0.07
0.3571428571428571,0.07,0.07
0.36428571428571427,0.07,0.07
0.37142857142857144,0.07,0.07000129656234914
0.37857142857142856,0.07,0.07000606908727507
0.3857142857142857,0.07,0.07001433402367203
0.39285714285714285,0.07,0.07002607224248081
0.39999999999999997,0.07,0.07004126461464218
0.40714285714285714,0.07,0.07005989201109691
0.41428571428571426,0.07,0.07008193530278581
0.4214285714285714,0.07,0.07010737536064962
0.42857142857142855,0.07,0.07013619305562915
0.4357142857142857,0.07,0.07016836925866517
0.44285714285714284,0.07,0.07020388484069845
0.44999999999999996,0.07,0.07024272067266978
0.45714285714285713,0.07,0.07028485762551993
0.46428571428571425,0.07,0.0703302765701897
0.4714285714285714,0.07,0.07037895837761983
0.47857142857142854,0.07,0.07043088391875113
0.4857142857142857,0.07,0.07048603406452437
0.4928571428571428,0.07,0.07054438968588034
0.49999999999999994,0.07,0.07060593165375981
0.5071428571428571,0.07,0.07067064083910354
0.5142857142857142,0.07,0.07073849811285235
0.5214285714285714,0.07,0.07080948434594697
0.5285714285714285,0.07,0.07088358040932823
0.5357142857142857,0.07,0.07096076717393687
0.5428571428571428,0.07,0.07104102551071369
0.5499999999999999,0.07,0.07112433629059944
0.5571428571428572,0.07,0.07121068038453494
0.5642857142857143,0.07,0.07130003866346096
0.5714285714285714,0.07,0.07139239199831826
0.5785714285714285,0.07,0.07148772126004763
0.5857142857142856,0.07,0.07158600731958983
0.5928571428571427,0.07,0.07168723104788567
0.5999999999999999,0.07,0.07179137331587591
0.6071428571428571,0.07,0.07189841499450135
0.6142857142857142,0.07,0.07200833695470274
0.6214285714285714,0.07,0.07212112006742087
0.6285714285714286,0.07,0.07223674520359652
0.6357142857142857,0.07,0.07235519323417047
0.6428571428571428,0.07,0.0724764450300835
0.6499999999999999,0.07,0.0726004814622764
0.657142857142857,0.07,0.07272728340168993
0.6642857142857141,0.07,0.07285683171926488
0.6714285714285714,0.07,0.07298910728594202
0.6785714285714285,0.07,0.07312409097266213
0.6857142857142857,0.07,0.073261763650366
0.6928571428571428,0.07,0.0734021061899944
0.7,0.07,0.07354509946248812
0.7071428571428571,0.07,0.07369072433878791
0.7142857142857142,0.07,0.07383896168983459
0.7214285714285713,0.07,0.07398979238656891
0.7285714285714284,0.07,0.07414319729993166
0.7357142857142855,0.07,0.0742991573008636
0.7428571428571429,0.07,0.07445765326030555
0.75,0.07,0.07461866604919826
0.7571428571428571,0.07,0.0747821765384825
0.7642857142857142,0.07,0.07494816559909907
0.7714285714285714,0.07,0.07511661410198874
0.7785714285714285,0.07,0.07528750291809229
0.7857142857142856,0.07,0.0754608129183505
0.7928571428571427,0.07,0.07563652497370414
0.7999999999999998,0.07,0.07581461995509402
0.8071428571428572,0.07,0.07599507873346088
0.8142857142857143,0.07,0.07617788217974551
0.8214285714285714,0.07,0.07636301116488871
0.8285714285714285,0.07498339753603966,0.07655044655983123
0.8357142857142856,0.08718334674301786,0.07674016923551387
0.8428571428571427,0.09933458832499298,0.07693216006287741
0.8499999999999999,0.11143770105264883,0.0771263999128626
0.857142857142857,0.12349325232454866,0.07732286965641026
0.8642857142857141,0.13550179847752775,0.07752155016446113
0.8714285714285714,0.14746388508627417,0.07772242230795604
0.8785714285714286,0.15,0.0779254669578357
0.8857142857142857,0.15,0.07813066498504094
0.8928571428571428,0.15,0.07833799726051252
0.8999999999999999,0.15,0.07854744465519123
0.907142857142857,0.15,0.07875898804001784
0.9142857142857141,0.15,0.07897260828593314
0.9214285714285713,0.15,0.07918828626387789
0.9285714285714284,0.15,0.07940600284479288
0.9357142857142857,0.15,0.0796257388996189
0.9428571428571428,0.15,0.0798474752992967
0.95,0.15,0.0800711929147671
0.9571428571428571,0.15,0.08029687261697083
0.9642857142857142,0.15,0.08052449527684871
0.9714285714285713,0.15,0.0807540417653415
0.9785714285714284,0.15,0.08098549295338998
0.9857142857142855,0.15,0.08121882971193493
0.9928571428571427,0.15,0.08145403291191713
0.9999999999999998,0.15,0.08169108342427737
1.0071428571428571,0.15,0.08192996211995643
1.0142857142857142,0.15,0.08217064986989506
1.0214285714285714,0.15,0.08241312754503406
1.0285714285714285,0.15,0.0826573760163142
1.0357142857142856,0.15,0.08290337615467627
1.0428571428571427,0.15,0.08315110883106105
1.0499999999999998,0.15,0.0834005549164093
1.057142857142857,0.15,0.08365169528166182
1.064285714285714,0.15,0.08390451079775937
1.0714285714285714,0.15,0.08415898233564277
1.0785714285714285,0.15,0.08441509076625274
1.0857142857142856,0.15,0.08467281696053011
1.0928571428571427,0.15,0.08493214178941562
1.0999999999999999,0.15,0.08519304612385006
1.107142857142857,0.15,0.08545551083477423
1.114285714285714,0.15,0.08571951679312889
1.1214285714285712,0.15,0.08598504486985482
1.1285714285714283,0.15,0.0862520759358928
1.1357142857142857,0.15,0.08652059086218364
1.1428571428571428,0.15,0.08679057051966806
1.15,0.15,0.08706199577928686
1.157142857142857,0.15,0.08733484751198085
1.1642857142857141,0.15,0.08760910658869078
1.1714285714285713,0.15,0.08788475388035744
1.1785714285714284,0.15,0.0881617702579216
1.1857142857142855,0.15,0.08844013659232404
1.1928571428571426,0.15,0.08871983375450555
1.2,0.15,0.08900084261540692
1.2071428571428569,0.15,0.08928314404596888
1.2142857142857142,0.15,0.08956671891713226
1.2214285714285713,0.15,0.08985154809983782
1.2285714285714284,0.15,0.09013761246502631
1.2357142857142855,0.15,0.09042489288363857
1.2428571428571427,0.15,0.09071337022661533
1.2499999999999998,0.15,0.09100302536489739
1.257142857142857,0.15,0.09129383916942553
1.264285714285714,0.15,0.09158579251114052
1.2714285714285711,0.15,0.09187886626098313
1.2785714285714285,0.15,0.09217304128989418
1.2857142857142856,0.15,0.0924682984688144
1.2928571428571427,0.15,0.09276461866868459
1.2999999999999998,0.15,0.09306198276044553
1.307142857142857,0.15,0.09336037161503799
1.314285714285714,0.15,0.09365976610340276
1.3214285714285712,0.15,0.09396014709648062
1.3285714285714283,0.15,0.09426149546521234
1.3357142857142854,0.15,0.09456379208053872
1.3428571428571427,0.15,0.09486701781340051
1.3499999999999999,0.15,0.0951711535347385
1.357142857142857,0.15,0.09547618011549347
1.364285714285714,0.15,0.0957820784266062
1.3714285714285712,0.15,0.09608882933901748
1.3785714285714283,0.15,0.09639641372366806
1.3857142857142855,0.15,0.09670481245149874
1.3928571428571426,0.15,0.0970140063934503
1.3999999999999997,0.15,0.09732397642046352
1.4071428571428568,0.15,0.09763470340347917
1.4142857142857141,0.15,0.09794616821343803
1.4214285714285713,0.15,0.09825835172128089
1.4285714285714284,0.15,0.0985712347979485
1.4357142857142855,0.15,0.09888479831438168
1.4428571428571426,0.15,0.09919902314152118
1.4499999999999997,0.15,0.09951389015030779
1.4571428571428569,0.15,0.09982938021168228
1.464285714285714,0.15,0.10014547419658545
1.471428571428571,0.15,0.10046215297595805
1.4785714285714284,0.15,0.1007793974207409
1.4857142857142855,0.15,0.10109718840187473
1.4928571428571427,0.15,0.10141550679030034
1.4999999999999998,0.15,0.10173433345695851
1.507142857142857,0.15,0.10205364927279004
1.514285714285714,0.15,0.10237343510873567
1.5214285714285711,0.15,0.10269367183573619
1.5285714285714282,0.15,0.1030143403247324
1.5357142857142854,0.15,0.10333542144666506
1.5428571428571427,0.15,0.10365689607247497
1.5499999999999998,0.15,0.1039787450731029
1.557142857142857,0.15,0.1043009493194896
1.564285714285714,0.15,0.10462348968257587
1.5714285714285712,0.15,0.1049463470333025
1.5785714285714283,0.15,0.10526950224261027
1.5857142857142854,0.15,0.10559293618143994
1.5928571428571425,0.15,0.10591662972073229
1.5999999999999996,0.15,0.10624056373142811
1.607142857142857,0.15,0.10656471908446818
1.614285714285714,0.15,0.10688907665079328
1.6214285714285712,0.15,0.10721361730134418
1.6285714285714283,0.15,0.10753832190706167
1.6357142857142855,0.15,0.10786317133888651
1.6428571428571426,0.15,0.1081881464677595
1.6499999999999997,0.15,0.10851322816462139
1.6571428571428568,0.15,0.108838397300413
1.664285714285714,0.15,0.10916363474607509
1.6714285714285713,0.15,0.10948892137254843
1.6785714285714284,0.15,0.10981423805077381
1.6857142857142855,0.15,0.110139565651692
1.6928571428571426,0.15,0.11046488504624379
1.6999999999999997,0.15,0.11079017710536995
1.7071428571428569,0.15,0.11111542270001126
1.714285714285714,0.15,0.11144060270110848
1.721428571428571,0.15,0.11176569797960242
1.7285714285714282,0.15,0.11209068940643388
1.7357142857142855,0.15,0.1124155578525436
1.7428571428571427,0.15,0.11274028418887236
1.7499999999999998,0.15,0.11306484928636094
1.757142857142857,0.15,0.11338923401595014
1.764285714285714,0.15,0.1137134192485807
1.7714285714285711,0.15,0.11403738585519343
1.7785714285714282,0.15,0.1143611147067291
1.7857142857142854,0.15,0.11468458667412852
1.7928571428571425,0.15,0.11500778262833242
1.7999999999999996,0.15,0.11533068344028159
1.807142857142857,0.15,0.11565326998091684
1.814285714285714,0.15,0.1159755231211789
1.8214285714285712,0.15,0.1162974237320086
1.8285714285714283,0.15,0.11661895268434669
1.8357142857142854,0.15,0.11694009084913395
1.8428571428571425,0.15,0.11726081909731118
1.8499999999999996,0.15,0.11758111829981913
1.8571428571428568,0.15,0.11790096932759858
1.8642857142857139,0.15,0.11822035305159033
1.8714285714285712,0.15,0.11853925034273516
1.8785714285714283,0.15,0.11885764207197383
1.8857142857142855,0.15,0.11917550911024713
1.8928571428571426,0.15,0.11949283232849582
1.8999999999999997,0.15,0.11980959259766072
1.9071428571428568,0.15,0.12012577078868256
1.914285714285714,0.15,0.12044134777250216
1.921428571428571,0.15,0.12075630442006027
1.9285714285714282,0.15,0.12107062160229769
1.9357142857142855,0.15,0.12138428019015521
1.9428571428571426,0.15,0.12169726105457357
1.9499999999999997,0.15,0.12200954506649357
1.9571428571428569,0.15,0.12232111309685598
1.964285714285714,0.15,0.1226319460166016
1.971428571428571,0.15,0.12294202469667118
1.9785714285714282,0.15,0.12325133000800552
1.9857142857142853,0.15,0.12355984282154539
1.9928571428571424,0.15,0.12386754400823159
1.9999999999999998,0.15,0.1241744144390049
2.007142857142857,0.15,0.12448043498480604
2.0142857142857142,0.15,0.12478558651657584
2.0214285714285714,0.15,0.12508984990525507
2.0285714285714285,0.15,0.12539320602178453
2.0357142857142856,0.15,0.12569563573710496
2.0428571428571427,0.15,0.12599711992215715
2.05,0.15,0.1262976394478819
2.057142857142857,0.15,0.12659717518521996
2.064285714285714,0.15,0.1268957080051121
2.071428571428571,0.15,0.12719321877849915
2.0785714285714283,0.15,0.12748968837632185
2.0857142857142854,0.15,0.127785097669521
2.0928571428571425,0.15,0.12807942752903737
2.0999999999999996,0.15,0.12837265882581173
2.1071428571428568,0.15,0.12866477243078486
2.114285714285714,0.15,0.12895574921489758
2.121428571428571,0.15,0.1292455700490906
2.1285714285714286,0.15,0.12953421580430477
2.1357142857142857,0.15,0.1298216673514808
2.142857142857143,0.15,0.13010790556155952
2.15,0.15,0.13039291130548167
2.157142857142857,0.15,0.13067666545418805
2.164285714285714,0.15,0.13095914887861945
2.1714285714285713,0.15,0.13124034244971666
2.1785714285714284,0.15,0.1315202270384204
2.1857142857142855,0.15,0.1317987835156715
2.1928571428571426,0.15,0.13207599275241072
2.1999999999999997,0.15,0.13235183561957886
2.207142857142857,0.15,0.13262629298811668
2.214285714285714,0.15,0.13289934572896497
2.221428571428571,0.15,0.1331709747130645
2.2285714285714286,0.15,0.13344116081135604
2.2357142857142858,0.15,0.13370988489478036
2.242857142857143,0.15,0.1339771278342783
2.25,0.15,0.13424287050079056
2.257142857142857,0.15,0.134507093765258
2.2642857142857142,0.15,0.13476977849862132
2.2714285714285714,0.15,0.13503090557182132
2.2785714285714285,0.15,0.1352904558557988
2.2857142857142856,0.15,0.13554841022149455
2.2928571428571427,0.15,0.13580474953984933
2.3,0.15,0.13605945468180392
2.307142857142857,0.15,0.13631250651829907
2.314285714285714,0.15,0.13656388592027563
2.321428571428571,0.15,0.13681357375867434
2.3285714285714283,0.15,0.13706155090443595
2.3357142857142854,0.15,0.13730779822850125
2.3428571428571425,0.15,0.13755229660181106
2.3499999999999996,0.15,0.13779502689530615
2.357142857142857,0.15,0.1380359699799273
2.3642857142857143,0.15,0.1382751067266152
2.3714285714285714,0.15,0.13851241800631076
2.3785714285714286,0.15,0.13874788468995466
2.3857142857142857,0.15,0.13898148764848772
2.392857142857143,0.15,0.13921320775285073
2.4,0.15,0.1394430258739845
2.407142857142857,0.15,0.1396709228828297
2.414285714285714,0.15,0.1398968796503272
2.4214285714285713,0.15,0.14012087704741774
2.4285714285714284,0.15,0.14034289594504212
2.4357142857142855,0.15,0.14056291721414113
2.4428571428571426,0.15,0.1407809217256555
2.4499999999999997,0.15,0.14099689035052607
2.457142857142857,0.15,0.1412108039596936
2.464285714285714,0.15,0.14142264342409883
2.471428571428571,0.15,0.14163238961468255
2.478571428571428,0.15,0.14184002340238558
2.4857142857142858,0.15,0.14204552565814865
2.492857142857143,0.15,0.1422488772529126
2.5,0.15,0.14245005905761815
2.507142857142857,0.15,0.14264905194320612
2.5142857142857142,0.15,0.14284583678061727
2.5214285714285714,0.15,0.14304039444079236
2.5285714285714285,0.15,0.1432327057946722
2.5357142857142856,0.15,0.14342275171319754
2.5428571428571427,0.15,0.1436105130673092
2.55,0.15,0.14379597072794792
2.557142857142857,0.15,0.1439791055660545
2.564285714285714,0.15,0.14415989845256974
2.571428571428571,0.15,0.14433833025843437
2.5785714285714283,0.15,0.1445143818545892
2.5857142857142854,0.15,0.14468803411197495
2.5928571428571425,0.15,0.14485926790153253
2.5999999999999996,0.15,0.1450280640942026
2.6071428571428568,0.15,0.14519440356092594
2.614285714285714,0.15,0.14535826717264344
2.6214285714285714,0.15,0.14551963580029575
2.6285714285714286,0.15,0.14567849031482374
2.6357142857142857,0.15,0.14583481158716816
2.642857142857143,0.15,0.14598858048826974
2.65,0.15,0.14613977788906934
2.657142857142857,0.15,0.1462883846605077
2.664285714285714,0.15,0.14643438167352557
2.6714285714285713,0.15,0.1465777497990638
2.6785714285714284,0.15,0.1467184699080631
2.6857142857142855,0.15,0.14685652287146425
2.6928571428571426,0.15,0.1469918895602081
2.6999999999999997,0.15,0.1471245508452354
2.707142857142857,0.15,0.14725448759748686
2.714285714285714,0.15,0.14738168068790333
2.721428571428571,0.15,0.14750611098742558
2.728571428571428,0.15,0.14762775936699438
2.7357142857142853,0.15,0.14774660669755052
2.7428571428571424,0.15,0.14786263385003476
2.75,0.15,0.14797582169538792
2.757142857142857,0.15,0.1480861511045507
2.7642857142857142,0.15,0.14819360294846395
2.7714285714285714,0.15,0.1482981580980684
2.7785714285714285,0.15,0.14839979742430487
2.7857142857142856,0.15,0.14849850179811414
2.7928571428571427,0.15,0.14859425209043697
2.8,0.15,0.1486870291722141
2.807142857142857,0.15,0.1487768139143864
2.814285714285714,0.15,0.14886358718789458
2.821428571428571,0.15,0.14894732986367945
2.8285714285714283,0.15,0.14902802281268174
2.8357142857142854,0.15,0.14910564690584233
2.8428571428571425,0.15,0.14918018301410188
2.8499999999999996,0.15,0.14925161200840126
2.8571428571428568,0.15,0.14931991475968118
2.864285714285714,0.15,0.14938507213888247
2.871428571428571,0.15,0.14944706501694588
2.8785714285714286,0.15,0.1495058742648122
2.8857142857142857,0.15,0.14956148075342224
2.892857142857143,0.15,0.14961386535371674
2.9,0.15,0.14966300893663648
2.907142857142857,0.15,0.14970889237312224
2.914285714285714,0.15,0.1497514965341148
2.9214285714285713,0.15,0.14979080229055494
2.9285714285714284,0.15,0.14982679051338346
2.9357142857142855,0.15,0.14985944207354113
2.9428571428571426,0.15,0.1498887378419687
2.9499999999999997,0.15,0.149914658689607
2.957142857142857,0.15,0.14993718548739676
2.964285714285714,0.15,0.14995629910627875
2.971428571428571,0.15,0.1499719804171938
2.978571428571428,0.15,0.1499842102910827
2.9857142857142853,0.15,0.14999296959888614
2.9928571428571424,0.15,0.14999823921154498
2.9999999999999996,0.15,0.15000000000000002
3.0071428571428567,0.15,0.15
3.0142857142857142,0.15,0.15
3.0214285714285714,0.15,0.15
3.0285714285714285,0.15,0.15
3.0357142857142856,0.15,0.15
3.0428571428571427,0.15,0.15
3.05,0.15,0.15
