design,bearing,bin_low_m,bin_high_m,bin_center_m,sample_count,median_vmax_mps,q25_vmax_mps,q75_vmax_mps,theoretical_vmax_mps
Minimum Margin,frontal,0.2,0.25,0.225,255,0.07000000029802322,0.07000000029802322,0.07000000029802322,0.07
Minimum Margin,frontal,0.25,0.3,0.275,51,0.07000000029802322,0.07000000029802322,0.07000000029802322,0.07
Minimum Margin,frontal,0.3,0.35,0.32499999999999996,29,0.07000000029802322,0.07000000029802322,0.07000000029802322,0.07
Minimum Margin,frontal,0.35,0.39999999999999997,0.375,37,0.07000000029802322,0.07000000029802322,0.07000000029802322,0.07
Minimum Margin,frontal,0.39999999999999997,0.44999999999999996,0.42499999999999993,14,0.07000000029802322,0.07000000029802322,0.07000000029802322,0.07
Minimum Margin,frontal,0.44999999999999996,0.49999999999999994,0.475,13,0.07000000029802322,0.07000000029802322,0.07000000029802322,0.07
Minimum Margin,frontal,0.49999999999999994,0.5499999999999999,0.5249999999999999,8,0.07000000029802322,0.07000000029802322,0.07000000029802322,0.07
Minimum Margin,frontal,0.5499999999999999,0.5999999999999999,0.575,29,0.07000000029802322,0.07000000029802322,0.07000000029802322,0.07
Minimum Margin,frontal,0.5999999999999999,0.6499999999999999,0.6249999999999999,12,0.07000000029802322,0.07000000029802322,0.07000000029802322,0.07
Minimum Margin,frontal,0.6499999999999999,0.7,0.6749999999999999,25,0.07000000029802322,0.07000000029802322,0.07000000029802322,0.07
Minimum Margin,frontal,0.7,0.7499999999999998,0.7249999999999999,21,0.07000000029802322,0.07000000029802322,0.07000000029802322,0.07
Minimum Margin,frontal,0.7499999999999998,0.7999999999999998,0.7749999999999998,13,0.07000000029802322,0.07000000029802322,0.07000000029802322,0.07
Minimum Margin,frontal,0.7999999999999998,0.8499999999999999,0.8249999999999998,15,0.07000000029802322,0.07000000029802322,0.07000000029802322,0.07
Minimum Margin,frontal,0.8999999999999999,0.9499999999999997,0.9249999999999998,10,0.15000000596046448,0.15000000596046448,0.15000000596046448,0.15
Minimum Margin,frontal,0.9499999999999997,0.9999999999999998,0.9749999999999998,10,0.15000000596046448,0.15000000596046448,0.15000000596046448,0.15
Minimum Margin,frontal,0.9999999999999998,1.0499999999999998,1.025,14,0.15000000596046448,0.15000000596046448,0.15000000596046448,0.15
Minimum Margin,frontal,1.0499999999999998,1.0999999999999999,1.0749999999999997,21,0.15000000596046448,0.15000000596046448,0.15000000596046448,0.15
Minimum Margin,frontal,1.0999999999999999,1.1499999999999997,1.1249999999999998,19,0.15000000596046448,0.15000000596046448,0.15000000596046448,0.15
Minimum Margin,frontal,1.1499999999999997,1.1999999999999997,1.1749999999999998,9,0.15000000596046448,0.15000000596046448,0.15000000596046448,0.15
Minimum Margin,frontal,1.1999999999999997,1.2499999999999998,1.2249999999999996,21,0.15000000596046448,0.15000000596046448,0.15000000596046448,0.15
Minimum Margin,frontal,1.2499999999999998,1.2999999999999996,1.2749999999999997,11,0.15000000596046448,0.15000000596046448,0.15000000596046448,0.15
Minimum Margin,frontal,1.2999999999999996,1.3499999999999996,1.3249999999999997,9,0.15000000596046448,0.15000000596046448,0.15000000596046448,0.15
Minimum Margin,frontal,1.3499999999999996,1.3999999999999997,1.3749999999999996,23,0.15000000596046448,0.15000000596046448,0.15000000596046448,0.15
Minimum Margin,frontal,1.3999999999999997,1.4499999999999997,1.4249999999999998,11,0.15000000596046448,0.15000000596046448,0.15000000596046448,0.15
Minimum Margin,frontal,1.4499999999999997,1.4999999999999998,1.4749999999999996,3,0.15000000596046448,0.15000000596046448,0.15000000596046448,0.15
Minimum Margin,frontal,1.4999999999999998,1.5499999999999996,1.5249999999999997,17,0.15000000596046448,0.15000000596046448,0.15000000596046448,0.15
Minimum Margin,frontal,1.5499999999999996,1.5999999999999996,1.5749999999999997,9,0.15000000596046448,0.15000000596046448,0.15000000596046448,0.15
Minimum Margin,frontal,1.5999999999999996,1.6499999999999997,1.6249999999999996,5,0.15000000596046448,0.15000000596046448,0.15000000596046448,0.15
Minimum Margin,frontal,1.6499999999999997,1.6999999999999995,1.6749999999999996,29,0.15000000596046448,0.15000000596046448,0.15000000596046448,0.15
Minimum Margin,frontal,1.6999999999999995,1.7499999999999996,1.7249999999999996,10,0.15000000596046448,0.15000000596046448,0.15000000596046448,0.15
Minimum Margin,frontal,1.7499999999999996,1.7999999999999996,1.7749999999999995,8,0.15000000596046448,0.15000000596046448,0.15000000596046448,0.15
Minimum Margin,frontal,1.7999999999999996,1.8499999999999996,1.8249999999999997,24,0.15000000596046448,0.15000000596046448,0.15000000596046448,0.15
Minimum Margin,frontal,1.8499999999999996,1.8999999999999997,1.8749999999999996,13,0.15000000596046448,0.15000000596046448,0.15000000596046448,0.15
Minimum Margin,frontal,1.8999999999999997,1.9499999999999995,1.9249999999999996,11,0.15000000596046448,0.15000000596046448,0.15000000596046448,0.15
Minimum Margin,frontal,1.9499999999999995,1.9999999999999996,1.9749999999999996,26,0.15000000596046448,0.15000000596046448,0.15000000596046448,0.15
Minimum Margin,frontal,1.9999999999999996,2.05,2.0249999999999995,7,0.15000000596046448,0.15000000596046448,0.15000000596046448,0.15
Minimum Margin,frontal,2.05,2.0999999999999996,2.0749999999999997,7,0.15000000596046448,0.15000000596046448,0.15000000596046448,0.15
Minimum Margin,frontal,2.0999999999999996,2.1499999999999995,2.1249999999999996,13,0.15000000596046448,0.15000000596046448,0.15000000596046448,0.15
Minimum Margin,frontal,2.1499999999999995,2.1999999999999997,2.175,16,0.15000000596046448,0.15000000596046448,0.15000000596046448,0.15
Minimum Margin,frontal,2.1999999999999997,2.2499999999999996,2.2249999999999996,28,0.15000000596046448,0.15000000596046448,0.15000000596046448,0.15
Minimum Margin,frontal,2.2499999999999996,2.3,2.2749999999999995,13,0.15000000596046448,0.15000000596046448,0.15000000596046448,0.15
Minimum Margin,frontal,2.3,2.3499999999999996,2.3249999999999997,13,0.15000000596046448,0.15000000596046448,0.15000000596046448,0.15
Minimum Margin,frontal,2.3499999999999996,2.3999999999999995,2.3749999999999996,15,0.15000000596046448,0.15000000596046448,0.15000000596046448,0.15
Minimum Margin,frontal,2.3999999999999995,2.4499999999999997,2.425,14,0.15000000596046448,0.15000000596046448,0.15000000596046448,0.15
Minimum Margin,frontal,2.4499999999999997,2.4999999999999996,2.4749999999999996,21,0.15000000596046448,0.15000000596046448,0.15000000596046448,0.15
Minimum Margin,frontal,2.4999999999999996,2.55,2.5249999999999995,20,0.15000000596046448,0.15000000596046448,0.15000000596046448,0.15
Minimum Margin,frontal,2.55,2.5999999999999996,2.5749999999999997,17,0.15000000596046448,0.15000000596046448,0.15000000596046448,0.15
Minimum Margin,frontal,2.5999999999999996,2.6499999999999995,2.6249999999999996,36,0.15000000596046448,0.15000000596046448,0.15000000596046448,0.15
Minimum Margin,frontal,2.6499999999999995,2.6999999999999997,2.675,20,0.15000000596046448,0.15000000596046448,0.15000000596046448,0.15
Minimum Margin,frontal,2.6999999999999997,2.7499999999999996,2.7249999999999996,11,0.15000000596046448,0.15000000596046448,0.15000000596046448,0.15
Minimum Margin,frontal,2.7499999999999996,2.8,2.7749999999999995,26,0.15000000596046448,0.15000000596046448,0.15000000596046448,0.15
Minimum Margin,frontal,2.8,2.8499999999999996,2.8249999999999997,52,0.15000000596046448,0.15000000596046448,0.15000000596046448,0.15
Minimum Margin,frontal,2.8499999999999996,2.8999999999999995,2.8749999999999996,75,0.15000000596046448,0.15000000596046448,0.15000000596046448,0.15
Minimum Margin,frontal,2.8999999999999995,2.9499999999999997,2.925,205,0.15000000596046448,0.15000000596046448,0.15000000596046448,0.15
Minimum Margin,45 degree oblique,0.2,0.25,0.225,280,0.07000000029802322,0.07000000029802322,0.07000000029802322,0.07
Minimum Margin,45 degree oblique,0.25,0.3,0.275,39,0.07000000029802322,0.07000000029802322,0.07000000029802322,0.07
Minimum Margin,45 degree oblique,0.3,0.35,0.32499999999999996,31,0.07000000029802322,0.07000000029802322,0.07000000029802322,0.07
Minimum Margin,45 degree oblique,0.35,0.39999999999999997,0.375,40,0.07000000029802322,0.07000000029802322,0.07000000029802322,0.07
Minimum Margin,45 degree oblique,0.39999999999999997,0.44999999999999996,0.42499999999999993,14,0.07000000029802322,0.07000000029802322,0.07000000029802322,0.07
Minimum Margin,45 degree oblique,0.44999999999999996,0.49999999999999994,0.475,12,0.07000000029802322,0.07000000029802322,0.07000000029802322,0.07
Minimum Margin,45 degree oblique,0.49999999999999994,0.5499999999999999,0.5249999999999999,12,0.07000000029802322,0.07000000029802322,0.07000000029802322,0.07
Minimum Margin,45 degree oblique,0.5499999999999999,0.5999999999999999,0.575,22,0.07000000029802322,0.07000000029802322,0.07000000029802322,0.07
Minimum Margin,45 degree oblique,0.5999999999999999,0.6499999999999999,0.6249999999999999,21,0.07000000029802322,0.07000000029802322,0.07000000029802322,0.07
Minimum Margin,45 degree oblique,0.6499999999999999,0.7,0.6749999999999999,23,0.07000000029802322,0.07000000029802322,0.07000000029802322,0.07
Minimum Margin,45 degree oblique,0.7,0.7499999999999998,0.7249999999999999,21,0.07000000029802322,0.07000000029802322,0.07000000029802322,0.07
Minimum Margin,45 degree oblique,0.7499999999999998,0.7999999999999998,0.7749999999999998,14,0.07000000029802322,0.07000000029802322,0.07000000029802322,0.07
Minimum Margin,45 degree oblique,0.7999999999999998,0.8499999999999999,0.8249999999999998,11,0.07000000029802322,0.07000000029802322,0.07000000029802322,0.07
Minimum Margin,45 degree oblique,0.8499999999999999,0.8999999999999999,0.8749999999999999,5,0.15000000596046448,0.15000000596046448,0.15000000596046448,0.15
Minimum Margin,45 degree oblique,0.8999999999999999,0.9499999999999997,0.9249999999999998,10,0.15000000596046448,0.15000000596046448,0.15000000596046448,0.15
Minimum Margin,45 degree oblique,0.9499999999999997,0.9999999999999998,0.9749999999999998,19,0.15000000596046448,0.15000000596046448,0.15000000596046448,0.15
Minimum Margin,45 degree oblique,0.9999999999999998,1.0499999999999998,1.025,6,0.15000000596046448,0.15000000596046448,0.15000000596046448,0.15
Minimum Margin,45 degree oblique,1.0499999999999998,1.0999999999999999,1.0749999999999997,23,0.15000000596046448,0.15000000596046448,0.15000000596046448,0.15
Minimum Margin,45 degree oblique,1.0999999999999999,1.1499999999999997,1.1249999999999998,19,0.15000000596046448,0.15000000596046448,0.15000000596046448,0.15
Minimum Margin,45 degree oblique,1.1499999999999997,1.1999999999999997,1.1749999999999998,14,0.15000000596046448,0.15000000596046448,0.15000000596046448,0.15
Minimum Margin,45 degree oblique,1.1999999999999997,1.2499999999999998,1.2249999999999996,13,0.15000000596046448,0.15000000596046448,0.15000000596046448,0.15
Minimum Margin,45 degree oblique,1.2499999999999998,1.2999999999999996,1.2749999999999997,11,0.15000000596046448,0.15000000596046448,0.15000000596046448,0.15
Minimum Margin,45 degree oblique,1.2999999999999996,1.3499999999999996,1.3249999999999997,12,0.15000000596046448,0.15000000596046448,0.15000000596046448,0.15
Minimum Margin,45 degree oblique,1.3499999999999996,1.3999999999999997,1.3749999999999996,25,0.15000000596046448,0.15000000596046448,0.15000000596046448,0.15
Minimum Margin,45 degree oblique,1.3999999999999997,1.4499999999999997,1.4249999999999998,4,0.15000000596046448,0.15000000596046448,0.15000000596046448,0.15
Minimum Margin,45 degree oblique,1.4499999999999997,1.4999999999999998,1.4749999999999996,10,0.15000000596046448,0.15000000596046448,0.15000000596046448,0.15
Minimum Margin,45 degree oblique,1.4999999999999998,1.5499999999999996,1.5249999999999997,12,0.15000000596046448,0.15000000596046448,0.15000000596046448,0.15
Minimum Margin,45 degree oblique,1.5499999999999996,1.5999999999999996,1.5749999999999997,8,0.15000000596046448,0.15000000596046448,0.15000000596046448,0.15
Minimum Margin,45 degree oblique,1.5999999999999996,1.6499999999999997,1.6249999999999996,14,0.15000000596046448,0.15000000596046448,0.15000000596046448,0.15
Minimum Margin,45 degree oblique,1.6499999999999997,1.6999999999999995,1.6749999999999996,26,0.15000000596046448,0.15000000596046448,0.15000000596046448,0.15
Minimum Margin,45 degree oblique,1.6999999999999995,1.7499999999999996,1.7249999999999996,5,0.15000000596046448,0.15000000596046448,0.15000000596046448,0.15
Minimum Margin,45 degree oblique,1.7499999999999996,1.7999999999999996,1.7749999999999995,17,0.15000000596046448,0.15000000596046448,0.15000000596046448,0.15
Minimum Margin,45 degree oblique,1.7999999999999996,1.8499999999999996,1.8249999999999997,22,0.15000000596046448,0.15000000596046448,0.15000000596046448,0.15
Minimum Margin,45 degree oblique,1.8499999999999996,1.8999999999999997,1.8749999999999996,10,0.15000000596046448,0.15000000596046448,0.15000000596046448,0.15
Minimum Margin,45 degree oblique,1.8999999999999997,1.9499999999999995,1.9249999999999996,23,0.15000000596046448,0.15000000596046448,0.15000000596046448,0.15
Minimum Margin,45 degree oblique,1.9499999999999995,1.9999999999999996,1.9749999999999996,18,0.15000000596046448,0.15000000596046448,0.15000000596046448,0.15
Minimum Margin,45 degree oblique,1.9999999999999996,2.05,2.0249999999999995,5,0.15000000596046448,0.15000000596046448,0.15000000596046448,0.15
Minimum Margin,45 degree oblique,2.05,2.0999999999999996,2.0749999999999997,12,0.15000000596046448,0.15000000596046448,0.15000000596046448,0.15
Minimum Margin,45 degree oblique,2.0999999999999996,2.1499999999999995,2.1249999999999996,17,0.15000000596046448,0.15000000596046448,0.15000000596046448,0.15
Minimum Margin,45 degree oblique,2.1499999999999995,2.1999999999999997,2.175,21,0.15000000596046448,0.15000000596046448,0.15000000596046448,0.15
Minimum Margin,45 degree oblique,2.1999999999999997,2.2499999999999996,2.2249999999999996,23,0.15000000596046448,0.15000000596046448,0.15000000596046448,0.15
Minimum Margin,45 degree oblique,2.2499999999999996,2.3,2.2749999999999995,14,0.15000000596046448,0.15000000596046448,0.15000000596046448,0.15
Minimum Margin,45 degree oblique,2.3,2.3499999999999996,2.3249999999999997,14,0.15000000596046448,0.15000000596046448,0.15000000596046448,0.15
Minimum Margin,45 degree oblique,2.3499999999999996,2.3999999999999995,2.3749999999999996,20,0.15000000596046448,0.15000000596046448,0.15000000596046448,0.15
Minimum Margin,45 degree oblique,2.3999999999999995,2.4499999999999997,2.425,11,0.15000000596046448,0.15000000596046448,0.15000000596046448,0.15
Minimum Margin,45 degree oblique,2.4499999999999997,2.4999999999999996,2.4749999999999996,26,0.15000000596046448,0.15000000596046448,0.15000000596046448,0.15
Minimum Margin,45 degree oblique,2.4999999999999996,2.55,2.5249999999999995,22,0.15000000596046448,0.15000000596046448,0.15000000596046448,0.15
Minimum Margin,45 degree oblique,2.55,2.5999999999999996,2.5749999999999997,19,0.15000000596046448,0.15000000596046448,0.15000000596046448,0.15
Minimum Margin,45 degree oblique,2.5999999999999996,2.6499999999999995,2.6249999999999996,31,0.15000000596046448,0.15000000596046448,0.15000000596046448,0.15
Minimum Margin,45 degree oblique,2.6499999999999995,2.6999999999999997,2.675,29,0.15000000596046448,0.15000000596046448,0.15000000596046448,0.15
Minimum Margin,45 degree oblique,2.6999999999999997,2.7499999999999996,2.7249999999999996,11,0.15000000596046448,0.15000000596046448,0.15000000596046448,0.15
Minimum Margin,45 degree oblique,2.7499999999999996,2.8,2.7749999999999995,41,0.15000000596046448,0.15000000596046448,0.15000000596046448,0.15
Minimum Margin,45 degree oblique,2.8,2.8499999999999996,2.8249999999999997,44,0.15000000596046448,0.15000000596046448,0.15000000596046448,0.15
Minimum Margin,45 degree oblique,2.8499999999999996,2.8999999999999995,2.8749999999999996,233,0.15000000596046448,0.15000000596046448,0.15000000596046448,0.15
Minimum Margin,45 degree oblique,2.8999999999999995,2.9499999999999997,2.925,70,0.15000000596046448,0.15000000596046448,0.15000000596046448,0.15
Comfort Margin,frontal,0.2,0.25,0.225,257,0.07000000029802322,0.07000000029802322,0.07000000029802322,0.07
Comfort Margin,frontal,0.25,0.3,0.275,51,0.07000000029802322,0.07000000029802322,0.07000000029802322,0.07
Comfort Margin,frontal,0.3,0.35,0.32499999999999996,29,0.07000000029802322,0.07000000029802322,0.07000000029802322,0.07
Comfort Margin,frontal,0.35,0.39999999999999997,0.375,37,0.07001300901174545,0.07000096887350082,0.07001802325248718,0.07000324507781203
Comfort Margin,frontal,0.39999999999999997,0.44999999999999996,0.42499999999999993,14,0.07015111669898033,0.07004803232848644,0.07018324360251427,0.07012136319906613
Comfort Margin,frontal,0.44999999999999996,0.49999999999999994,0.475,13,0.07037299871444702,0.07034450024366379,0.07048434019088745,0.07040451687703904
Comfort Margin,frontal,0.49999999999999994,0.5499999999999999,0.5249999999999999,8,0.07081985846161842,0.07071162946522236,0.07083934545516968,0.07084614484441798
Comfort Margin,frontal,0.5499999999999999,0.5999999999999999,0.575,29,0.0713411197066307,0.07126621156930923,0.07148296386003494,0.07143968583389013
Comfort Margin,frontal,0.5999999999999999,0.6499999999999999,0.6249999999999999,12,0.07225779816508293,0.07217645272612572,0.0723482109606266,0.07217857857814271
Comfort Margin,frontal,0.6499999999999999,0.7,0.6749999999999999,25,0.07303384691476822,0.07281351834535599,0.07319281995296478,0.07305626180986291
Comfort Margin,frontal,0.7,0.7499999999999998,0.7249999999999999,21,0.07429104298353195,0.07406871765851974,0.07456568628549576,0.07406617426173792
Comfort Margin,frontal,0.7499999999999998,0.7999999999999998,0.7749999999999998,13,0.07557149976491928,0.07474324107170105,0.0756482183933258,0.07520175466645497
Comfort Margin,frontal,0.7999999999999998,0.8499999999999999,0.8249999999999998,15,0.07632723450660706,0.07618899643421173,0.0763993114233017,0.07645644175670126
Comfort Margin,frontal,0.8999999999999999,0.9499999999999997,0.9249999999999998,10,0.07911669835448265,0.07879361510276794,0.07936400547623634,0.07929689092453031
Comfort Margin,frontal,0.9499999999999997,0.9999999999999998,0.9749999999999998,11,0.0809490978717804,0.08033245801925659,0.08109794557094574,0.08086953046748747
Comfort Margin,frontal,0.9999999999999998,1.0499999999999998,1.025,14,0.08203934878110886,0.08193385787308216,0.08212253078818321,0.08253503162672268
Comfort Margin,frontal,1.0499999999999998,1.0999999999999999,1.0749999999999997,21,0.08453620970249176,0.08393064886331558,0.08482819050550461,0.08428683313492313
Comfort Margin,frontal,1.0999999999999999,1.1499999999999997,1.1249999999999998,20,0.08603103458881378,0.08588496223092079,0.08639907836914062,0.08611837372477602
Comfort Margin,frontal,1.1499999999999997,1.1999999999999997,1.1749999999999998,9,0.08731018006801605,0.08712558448314667,0.08860214799642563,0.08802309212896854
Comfort Margin,frontal,1.1999999999999997,1.2499999999999998,1.2249999999999996,21,0.08957352489233017,0.08927226066589355,0.0904465839266777,0.08999442708018789
Comfort Margin,frontal,1.2499999999999998,1.2999999999999996,1.2749999999999997,11,0.0927296057343483,0.09247263893485069,0.09298813343048096,0.0920258173111213
Comfort Margin,frontal,1.2999999999999996,1.3499999999999996,1.3249999999999997,9,0.09429614990949631,0.09405224025249481,0.09473204612731934,0.09411070155445596
Comfort Margin,frontal,1.3499999999999996,1.3999999999999997,1.3749999999999996,23,0.09657776355743408,0.09560714662075043,0.09684986993670464,0.09624251854287905
Comfort Margin,frontal,1.3999999999999997,1.4499999999999997,1.4249999999999998,11,0.09788493812084198,0.09772119671106339,0.09796019271016121,0.09841470700907781
Comfort Margin,frontal,1.4499999999999997,1.4999999999999998,1.4749999999999996,3,0.10168378800153732,0.10150013118982315,0.10169653221964836,0.10062070568573939
Comfort Margin,frontal,1.4999999999999998,1.5499999999999996,1.5249999999999997,17,0.10298528522253036,0.10213351994752884,0.10322302579879761,0.10285395330555104
Comfort Margin,frontal,1.5499999999999996,1.5999999999999996,1.5749999999999997,9,0.10544224828481674,0.10494854301214218,0.10577650368213654,0.10510788860119995
Comfort Margin,frontal,1.5999999999999996,1.6499999999999997,1.6249999999999996,5,0.10767580568790436,0.10739699751138687,0.10786225646734238,0.1073759503053733
Comfort Margin,frontal,1.6499999999999997,1.6999999999999995,1.6749999999999996,29,0.11002041399478912,0.10898465663194656,0.11027220636606216,0.1096515771507583
Comfort Margin,frontal,1.6999999999999995,1.7499999999999996,1.7249999999999996,9,0.11171681433916092,0.11152272671461105,0.11183074861764908,0.11192820787004218
Comfort Margin,frontal,1.7499999999999996,1.7999999999999996,1.7749999999999995,10,0.11412057280540466,0.1138906367123127,0.11426362209022045,0.1141992811959121
Comfort Margin,frontal,1.7999999999999996,1.8499999999999996,1.8249999999999997,24,0.1161128394305706,0.11568564921617508,0.11678972467780113,0.1164582358610553
Comfort Margin,frontal,1.8499999999999996,1.8999999999999997,1.8749999999999996,12,0.11834441497921944,0.1180866751819849,0.11931654438376427,0.11869851059815895
Comfort Margin,frontal,1.8999999999999997,1.9499999999999995,1.9249999999999996,11,0.12129592895507812,0.12070963531732559,0.12191801890730858,0.12091354413991028
Comfort Margin,frontal,1.9499999999999995,1.9999999999999996,1.9749999999999996,26,0.1227705217897892,0.12226739898324013,0.1236346960067749,0.12309677521899645
Comfort Margin,frontal,1.9999999999999996,2.05,2.0249999999999995,7,0.12513238191604614,0.12473929673433304,0.12558440119028091,0.12524164256810472
Comfort Margin,frontal,2.05,2.0999999999999996,2.0749999999999997,7,0.12818486988544464,0.1280212625861168,0.12825873494148254,0.12734158491992226
Comfort Margin,frontal,2.0999999999999996,2.1499999999999995,2.1249999999999996,12,0.1295042410492897,0.1290794499218464,0.12968656793236732,0.12939004100713625
Comfort Margin,frontal,2.1499999999999995,2.1999999999999997,2.175,16,0.13182874768972397,0.13107222318649292,0.13212626427412033,0.13138044956243392
Comfort Margin,frontal,2.1999999999999997,2.2499999999999996,2.2249999999999996,28,0.13353876024484634,0.13307858258485794,0.13378536328673363,0.13330624931850243
Comfort Margin,frontal,2.2499999999999996,2.3,2.2749999999999995,13,0.1355149894952774,0.1348101794719696,0.13570228219032288,0.13516087900802906
Comfort Margin,frontal,2.3,2.3499999999999996,2.3249999999999997,13,0.13720224797725677,0.13669809699058533,0.1373189091682434,0.13693777736370097
Comfort Margin,frontal,2.3499999999999996,2.3999999999999995,2.3749999999999996,16,0.1386936604976654,0.13828063011169434,0.13888510689139366,0.13863038311820536
Comfort Margin,frontal,2.3999999999999995,2.4499999999999997,2.425,14,0.13985524326562881,0.1396418996155262,0.1406163014471531,0.14023213500422943
Comfort Margin,frontal,2.4499999999999997,2.4999999999999996,2.4749999999999996,23,0.1417550891637802,0.14155008643865585,0.1421119123697281,0.14173647175446036
Comfort Margin,frontal,2.4999999999999996,2.55,2.5249999999999995,20,0.14348087459802628,0.14281762018799782,0.14364320412278175,0.14313683210158537
Comfort Margin,frontal,2.55,2.5999999999999996,2.5749999999999997,16,0.14438697695732117,0.14408530667424202,0.14455844461917877,0.1444266547782917
Comfort Margin,frontal,2.5999999999999996,2.6499999999999995,2.6249999999999996,37,0.1457425206899643,0.14558042585849762,0.14593130350112915,0.1455993785172665
Comfort Margin,frontal,2.6499999999999995,2.6999999999999997,2.675,20,0.14686772972345352,0.14671794697642326,0.14697306230664253,0.14664844205119698
Comfort Margin,frontal,2.6999999999999997,2.7499999999999996,2.7249999999999996,12,0.14730588346719742,0.14727088809013367,0.14749638736248016,0.14756728411277037
Comfort Margin,frontal,2.7499999999999996,2.8,2.7749999999999995,27,0.14837521314620972,0.14821390062570572,0.14863793551921844,0.14834934343467382
Comfort Margin,frontal,2.8,2.8499999999999996,2.8249999999999997,52,0.14904138445854187,0.14880697801709175,0.14915722236037254,0.14898805874959462
Comfort Margin,frontal,2.8499999999999996,2.8999999999999995,2.8749999999999996,77,0.14958052337169647,0.14948680996894836,0.14963653683662415,0.14947686879021987
Comfort Margin,frontal,2.8999999999999995,2.9499999999999997,2.925,208,0.14973852038383484,0.14970410242676735,0.1497647576034069,0.14980921228923685
Comfort Margin,45 degree oblique,0.2,0.25,0.225,280,0.07000000029802322,0.07000000029802322,0.07000000029802322,0.07
Comfort Margin,45 degree oblique,0.25,0.3,0.275,38,0.07000000029802322,0.07000000029802322,0.07000000029802322,0.07
Comfort Margin,45 degree oblique,0.3,0.35,0.32499999999999996,31,0.07000000029802322,0.07000000029802322,0.07000000029802322,0.07
Comfort Margin,45 degree oblique,0.35,0.39999999999999997,0.375,39,0.07000033557415009,0.07000000029802322,0.07000313326716423,0.07000324507781203
Comfort Margin,45 degree oblique,0.39999999999999997,0.44999999999999996,0.42499999999999993,14,0.0701410211622715,0.07008967362344265,0.07017310708761215,0.07012136319906613
Comfort Margin,45 degree oblique,0.44999999999999996,0.49999999999999994,0.475,12,0.07042383775115013,0.07033051922917366,0.07051165774464607,0.07040451687703904
Comfort Margin,45 degree oblique,0.49999999999999994,0.5499999999999999,0.5249999999999999,12,0.07101209089159966,0.07073287293314934,0.07104923389852047,0.07084614484441798
Comfort Margin,45 degree oblique,0.5499999999999999,0.5999999999999999,0.575,21,0.0712127834558487,0.0711686760187149,0.0713198259472847,0.07143968583389013
Comfort Margin,45 degree oblique,0.5999999999999999,0.6499999999999999,0.6249999999999999,21,0.07219810783863068,0.07200770080089569,0.07233984768390656,0.07217857857814271
Comfort Margin,45 degree oblique,0.6499999999999999,0.7,0.6749999999999999,23,0.07286598533391953,0.07278995215892792,0.07324086502194405,0.07305626180986291
Comfort Margin,45 degree oblique,0.7,0.7499999999999998,0.7249999999999999,21,0.07407473772764206,0.07386314123868942,0.07423217594623566,0.07406617426173792
Comfort Margin,45 degree oblique,0.7499999999999998,0.7999999999999998,0.7749999999999998,14,0.07541440427303314,0.07528568617999554,0.07555606216192245,0.07520175466645497
Comfort Margin,45 degree oblique,0.7999999999999998,0.8499999999999999,0.8249999999999998,10,0.07606968283653259,0.07596072368323803,0.07611941359937191,0.07645644175670126
Comfort Margin,45 degree oblique,0.8499999999999999,0.8999999999999999,0.8749999999999999,5,0.07791053503751755,0.07789213955402374,0.07792442291975021,0.07782367426516396
Comfort Margin,45 degree oblique,0.8999999999999999,0.9499999999999997,0.9249999999999998,10,0.07910405844449997,0.07882328517735004,0.07964417897164822,0.07929689092453031
Comfort Margin,45 degree oblique,0.9499999999999997,0.9999999999999998,0.9749999999999998,19,0.08129619061946869,0.08089090138673782,0.08145618438720703,0.08086953046748747
Comfort Margin,45 degree oblique,0.9999999999999998,1.0499999999999998,1.025,6,0.0830126665532589,0.08281641080975533,0.08326456695795059,0.08253503162672268
Comfort Margin,45 degree oblique,1.0499999999999998,1.0999999999999999,1.0749999999999997,22,0.0842127613723278,0.08379901573061943,0.08439495228230953,0.08428683313492313
Comfort Margin,45 degree oblique,1.0999999999999999,1.1499999999999997,1.1249999999999998,19,0.0860428437590599,0.08550086617469788,0.0863342173397541,0.08611837372477602
Comfort Margin,45 degree oblique,1.1499999999999997,1.1999999999999997,1.1749999999999998,14,0.08844201639294624,0.08837133646011353,0.08862365782260895,0.08802309212896854
Comfort Margin,45 degree oblique,1.1999999999999997,1.2499999999999998,1.2249999999999996,13,0.08976569026708603,0.08956824988126755,0.08993667364120483,0.08999442708018789
Comfort Margin,45 degree oblique,1.2499999999999998,1.2999999999999996,1.2749999999999997,12,0.09213783219456673,0.09179942309856415,0.09230792336165905,0.0920258173111213
Comfort Margin,45 degree oblique,1.2999999999999996,1.3499999999999996,1.3249999999999997,12,0.09426076710224152,0.09395423531532288,0.09444321319460869,0.09411070155445596
Comfort Margin,45 degree oblique,1.3499999999999996,1.3999999999999997,1.3749999999999996,25,0.0960054025053978,0.09570532292127609,0.09671350568532944,0.09624251854287905
Comfort Margin,45 degree oblique,1.3999999999999997,1.4499999999999997,1.4249999999999998,4,0.09740526601672173,0.09738823398947716,0.09746238589286804,0.09841470700907781
Comfort Margin,45 degree oblique,1.4499999999999997,1.4999999999999998,1.4749999999999996,10,0.1011865884065628,0.10115237534046173,0.10125557519495487,0.10062070568573939
Comfort Margin,45 degree oblique,1.4999999999999998,1.5499999999999996,1.5249999999999997,13,0.10255499929189682,0.10238514840602875,0.10280384868383408,0.10285395330555104
Comfort Margin,45 degree oblique,1.5499999999999996,1.5999999999999996,1.5749999999999997,9,0.10519154369831085,0.10484539717435837,0.10544900596141815,0.10510788860119995
Comfort Margin,45 degree oblique,1.5999999999999996,1.6499999999999997,1.6249999999999996,14,0.10770030319690704,0.10702523402869701,0.10805793479084969,0.1073759503053733
Comfort Margin,45 degree oblique,1.6499999999999997,1.6999999999999995,1.6749999999999996,26,0.10941892862319946,0.10925090499222279,0.11016013845801353,0.1096515771507583
Comfort Margin,45 degree oblique,1.6999999999999995,1.7499999999999996,1.7249999999999996,5,0.11119865626096725,0.1110929325222969,0.11272960156202316,0.11192820787004218
Comfort Margin,45 degree oblique,1.7499999999999996,1.7999999999999996,1.7749999999999995,17,0.11389010399580002,0.11347099393606186,0.11471439152956009,0.1141992811959121
Comfort Margin,45 degree oblique,1.7999999999999996,1.8499999999999996,1.8249999999999997,22,0.11621522158384323,0.11585497856140137,0.11686050333082676,0.1164582358610553
Comfort Margin,45 degree oblique,1.8499999999999996,1.8999999999999997,1.8749999999999996,10,0.11867967620491982,0.11792493425309658,0.11899861507117748,0.11869851059815895
Comfort Margin,45 degree oblique,1.8999999999999997,1.9499999999999995,1.9249999999999996,23,0.12131775915622711,0.12095291167497635,0.12156608328223228,0.12091354413991028
Comfort Margin,45 degree oblique,1.9499999999999995,1.9999999999999996,1.9749999999999996,17,0.12277098745107651,0.12248360365629196,0.12294530123472214,0.12309677521899645
Comfort Margin,45 degree oblique,1.9999999999999996,2.05,2.0249999999999995,5,0.12549079954624176,0.12509103119373322,0.12558044493198395,0.12524164256810472
Comfort Margin,45 degree oblique,2.05,2.0999999999999996,2.0749999999999997,12,0.12809845805168152,0.12759767845273018,0.12821980193257332,0.12734158491992226
Comfort Margin,45 degree oblique,2.0999999999999996,2.1499999999999995,2.1249999999999996,18,0.12933030724525452,0.1288086622953415,0.1298895999789238,0.12939004100713625
Comfort Margin,45 degree oblique,2.1499999999999995,2.1999999999999997,2.175,21,0.1318700760602951,0.13143309950828552,0.1321878880262375,0.13138044956243392
Comfort Margin,45 degree oblique,2.1999999999999997,2.2499999999999996,2.2249999999999996,23,0.13303977251052856,0.13289008289575577,0.13339251279830933,0.13330624931850243
Comfort Margin,45 degree oblique,2.2499999999999996,2.3,2.2749999999999995,14,0.13499367237091064,0.13460838794708252,0.13525136932730675,0.13516087900802906
Comfort Margin,45 degree oblique,2.3,2.3499999999999996,2.3249999999999997,15,0.13684651255607605,0.13669726252555847,0.1371874064207077,0.13693777736370097
Comfort Margin,45 degree oblique,2.3499999999999996,2.3999999999999995,2.3749999999999996,20,0.13865818083286285,0.13831299915909767,0.13908829912543297,0.13863038311820536
Comfort Margin,45 degree oblique,2.3999999999999995,2.4499999999999997,2.425,11,0.1399572640657425,0.13986143469810486,0.1406189277768135,0.14023213500422943
Comfort Margin,45 degree oblique,2.4499999999999997,2.4999999999999996,2.4749999999999996,27,0.1416632980108261,0.14137446880340576,0.14203070849180222,0.14173647175446036
Comfort Margin,45 degree oblique,2.4999999999999996,2.55,2.5249999999999995,22,0.14337125420570374,0.14320426434278488,0.1435849368572235,0.14313683210158537
Comfort Margin,45 degree oblique,2.55,2.5999999999999996,2.5749999999999997,19,0.14442774653434753,0.1439560353755951,0.14470792561769485,0.1444266547782917
Comfort Margin,45 degree oblique,2.5999999999999996,2.6499999999999995,2.6249999999999996,32,0.1453988254070282,0.14522424340248108,0.14565101265907288,0.1455993785172665
Comfort Margin,45 degree oblique,2.6499999999999995,2.6999999999999997,2.675,29,0.1466357409954071,0.14646635949611664,0.14688214659690857,0.14664844205119698
Comfort Margin,45 degree oblique,2.6999999999999997,2.7499999999999996,2.7249999999999996,12,0.1477939635515213,0.14771641418337822,0.1479409672319889,0.14756728411277037
Comfort Margin,45 degree oblique,2.7499999999999996,2.8,2.7749999999999995,41,0.14845937490463257,0.14832819998264313,0.14855051040649414,0.14834934343467382
Comfort Margin,45 degree oblique,2.8,2.8499999999999996,2.8249999999999997,45,0.14901338517665863,0.14892639219760895,0.14907100796699524,0.14898805874959462
Comfort Margin,45 degree oblique,2.8499999999999996,2.8999999999999995,2.8749999999999996,239,0.14959658682346344,0.14953192323446274,0.14963524043560028,0.14947686879021987
Comfort Margin,45 degree oblique,2.8999999999999995,2.9499999999999997,2.925,71,0.1496814638376236,0.14967360347509384,0.14969833940267563,0.14980921228923685
