time_s,detected_range_m,minimum_margin_vmax_mps,comfort_margin_vmax_mps,minimum_margin_accel_mps2,comfort_margin_accel_mps2,minimum_margin_jerk_mps3,comfort_margin_jerk_mps3
1.2499709129333496,3.1689577102661133,0.15000000596046448,0.15000000596046448,,,,
1.3000378608703613,3.216392755508423,0.15000000596046448,0.15000000596046448,0.0,0.0,,
1.3497846126556396,3.216392755508423,0.15000000596046448,0.15000000596046448,0.0,0.0,0.0,0.0
1.3999152183532715,3.216392755508423,0.15000000596046448,0.15000000596046448,0.0,0.0,0.0,0.0
1.4500298500061035,3.216392755508423,0.15000000596046448,0.15000000596046448,0.0,0.0,0.0,0.0
1.4998278617858887,3.2114810943603516,0.15000000596046448,0.15000000596046448,0.0,0.0,0.0,0.0
1.5498144626617432,3.2114810943603516,0.15000000596046448,0.15000000596046448,0.0,0.0,0.0,0.0
1.5999259948730469,3.2114810943603516,0.15000000596046448,0.15000000596046448,0.0,0.0,0.0,0.0
1.6497597694396973,3.2114810943603516,0.15000000596046448,0.15000000596046448,0.0,0.0,0.0,0.0
1.7000470161437988,3.21657133102417,0.15000000596046448,0.15000000596046448,0.0,0.0,0.0,0.0
1.7501325607299805,3.21657133102417,0.15000000596046448,0.15000000596046448,0.0,0.0,0.0,0.0
1.7998745441436768,3.21657133102417,0.15000000596046448,0.15000000596046448,0.0,0.0,0.0,0.0
1.8498096466064453,3.21657133102417,0.15000000596046448,0.15000000596046448,0.0,0.0,0.0,0.0
1.8998949527740479,3.1665430068969727,0.15000000596046448,0.15000000596046448,0.0,0.0,0.0,0.0
1.9498322010040283,3.1665430068969727,0.15000000596046448,0.15000000596046448,0.0,0.0,0.0,0.0
1.9998018741607666,3.1665430068969727,0.15000000596046448,0.15000000596046448,0.0,0.0,0.0,0.0
2.0498087406158447,3.1665430068969727,0.15000000596046448,0.15000000596046448,0.0,0.0,0.0,0.0
2.0998592376708984,3.019315004348755,0.15000000596046448,0.15000000596046448,0.0,0.0,0.0,0.0
2.149801254272461,3.019315004348755,0.15000000596046448,0.15000000596046448,0.0,0.0,0.0,0.0
2.199855089187622,3.019315004348755,0.15000000596046448,0.15000000596046448,0.0,0.0,0.0,0.0
2.2498114109039307,3.019315004348755,0.15000000596046448,0.15000000596046448,0.0,0.0,0.0,0.0
2.299856662750244,2.748516798019409,0.15000000596046448,0.14796718955039978,0.0,-0.040619565994140204,0.0,-0.8116567405611407
2.3497397899627686,2.748516798019409,0.15000000596046448,0.14796718955039978,0.0,0.0,0.0,0.8142946977057532
2.3999056816101074,2.748516798019409,0.15000000596046448,0.14796718955039978,0.0,0.0,0.0,0.0
2.4498538970947266,2.748516798019409,0.15000000596046448,0.14796718955039978,0.0,0.0,0.0,0.0
2.499857187271118,2.3957972526550293,0.15000000596046448,0.13938003778457642,0.0,-0.1717317347624792,0.0,-3.4344086990411697
2.5497241020202637,2.3957972526550293,0.15000000596046448,0.13938003778457642,0.0,0.0,0.0,3.4438010778563735
2.599792242050171,2.3957972526550293,0.15000000596046448,0.13938003778457642,0.0,0.0,0.0,0.0
2.6497576236724854,2.3957972526550293,0.15000000596046448,0.13938003778457642,0.0,0.0,0.0,0.0
2.699791669845581,2.007920980453491,0.15000000596046448,0.1246708407998085,0.0,-0.29398375925625897,0.0,-5.875674300639308
2.749795913696289,2.007920980453491,0.15000000596046448,0.1246708407998085,0.0,0.0,0.0,5.8791761782054515
2.799814224243164,2.007920980453491,0.15000000596046448,0.1246708407998085,0.0,0.0,0.0,0.0
2.849825620651245,2.007920980453491,0.15000000596046448,0.1246708407998085,0.0,0.0,0.0,0.0
2.8998517990112305,1.5863553285598755,0.15000000596046448,0.10585936903953552,0.0,-0.37603255689264864,0.0,-7.516715632098481
2.9498212337493896,1.5863553285598755,0.15000000596046448,0.10585936903953552,0.0,0.0,0.0,7.525251363419791
2.9997646808624268,1.5863553285598755,0.15000000596046448,0.10585936903953552,0.0,0.0,0.0,0.0
3.0498414039611816,1.5863553285598755,0.15000000596046448,0.10585936903953552,0.0,0.0,0.0,0.0
3.099853277206421,1.1602782011032104,0.15000000596046448,0.08771738409996033,0.0,-0.3627535575524992,0.0,-7.253348735283187
3.1498358249664307,1.1602782011032104,0.15000000596046448,0.08771738409996033,0.0,0.0,0.0,7.257604380117904
3.1998775005340576,1.1602782011032104,0.15000000596046448,0.08771738409996033,0.0,0.0,0.0,0.0
3.250034809112549,1.1602782011032104,0.15000000596046448,0.08771738409996033,0.0,0.0,0.0,0.0
3.3000447750091553,0.7928365468978882,0.07000000029802322,0.07584013789892197,-1.5996812680864048,-0.23749758649294184,-31.98724972925757,-4.749005167969088
3.3501079082489014,0.7928365468978882,0.07000000029802322,0.07584013789892197,0.0,0.0,31.953279081150015,4.743961696436289
3.3997931480407715,0.7928365468978882,0.07000000029802322,0.07584013789892197,0.0,0.0,0.0,0.0
3.4498701095581055,0.7928365468978882,0.07000000029802322,0.07584013789892197,0.0,0.0,0.0,0.0
3.4997427463531494,0.472795695066452,0.07000000029802322,0.07045819610357285,0.0,-0.10791372065340542,0.0,-2.1637861478406784
3.5497422218322754,0.472795695066452,0.07000000029802322,0.07045819610357285,0.0,0.0,0.0,2.158297054505257
3.5997862815856934,0.472795695066452,0.07000000029802322,0.07045819610357285,0.0,0.0,0.0,0.0
3.649900197982788,0.472795695066452,0.07000000029802322,0.07045819610357285,0.0,0.0,0.0,0.0
3.6998794078826904,0.23090346157550812,0.07000000029802322,0.07000000029802322,0.0,-0.009167728070677582,0.0,-0.18343083232085058
3.7498340606689453,0.23090346157550812,0.07000000029802322,0.07000000029802322,0.0,0.0,0.0,0.18352100473812322
3.7997865676879883,0.23090346157550812,0.07000000029802322,0.07000000029802322,0.0,0.0,0.0,0.0
3.849762439727783,0.23090346157550812,0.07000000029802322,0.07000000029802322,0.0,0.0,0.0,0.0
3.8998491764068604,0.21546845138072968,0.07000000029802322,0.07000000029802322,0.0,0.0,0.0,0.0
3.9497532844543457,0.21546845138072968,0.07000000029802322,0.07000000029802322,0.0,0.0,0.0,0.0
3.999849557876587,0.21546845138072968,0.07000000029802322,0.07000000029802322,0.0,0.0,0.0,0.0
4.050039291381836,0.21546845138072968,0.07000000029802322,0.07000000029802322,0.0,0.0,0.0,0.0
4.100069761276245,0.20000000298023224,0.07000000029802322,0.07000000029802322,0.0,0.0,0.0,0.0
4.1498167514801025,0.20000000298023224,0.07000000029802322,0.07000000029802322,0.0,0.0,0.0,0.0
4.200040340423584,0.20000000298023224,0.07000000029802322,0.07000000029802322,0.0,0.0,0.0,0.0
4.249876976013184,0.20000000298023224,0.07000000029802322,0.07000000029802322,0.0,0.0,0.0,0.0
4.2998340129852295,0.20000000298023224,0.07000000029802322,0.07000000029802322,0.0,0.0,0.0,0.0
4.349860429763794,0.20000000298023224,0.07000000029802322,0.07000000029802322,0.0,0.0,0.0,0.0
4.3998167514801025,0.20000000298023224,0.07000000029802322,0.07000000029802322,0.0,0.0,0.0,0.0
4.449746608734131,0.20000000298023224,0.07000000029802322,0.07000000029802322,0.0,0.0,0.0,0.0
4.49992823600769,0.20210644602775574,0.07000000029802322,0.07000000029802322,0.0,0.0,0.0,0.0
4.550027132034302,0.20210644602775574,0.07000000029802322,0.07000000029802322,0.0,0.0,0.0,0.0
4.599830865859985,0.20210644602775574,0.07000000029802322,0.07000000029802322,0.0,0.0,0.0,0.0
4.649769306182861,0.20210644602775574,0.07000000029802322,0.07000000029802322,0.0,0.0,0.0,0.0
4.699771881103516,0.20000000298023224,0.07000000029802322,0.07000000029802322,0.0,0.0,0.0,0.0
4.749797344207764,0.20000000298023224,0.07000000029802322,0.07000000029802322,0.0,0.0,0.0,0.0
4.799781322479248,0.20000000298023224,0.07000000029802322,0.07000000029802322,0.0,0.0,0.0,0.0
4.8500518798828125,0.20000000298023224,0.07000000029802322,0.07000000029802322,0.0,0.0,0.0,0.0
4.900041103363037,0.40664926171302795,0.07000000029802322,0.07008862495422363,0.0,0.0017728752325082272,0.0,0.03546514846764052
4.949797868728638,0.40664926171302795,0.07000000029802322,0.07008862495422363,0.0,0.0,0.0,-0.03563083772591671
4.99984073638916,0.40664926171302795,0.07000000029802322,0.07008862495422363,0.0,0.0,0.0,0.0
5.049760341644287,0.40664926171302795,0.07000000029802322,0.07008862495422363,0.0,0.0,0.0,0.0
5.100034952163696,0.7126068472862244,0.07000000029802322,0.07398244738578796,0.0,0.07745107105426643,0.0,1.5405603395846383
5.1498191356658936,0.7126068472862244,0.07000000029802322,0.07398244738578796,0.0,0.0,0.0,-1.5557364931142854
5.200397968292236,0.7126068472862244,0.07000000029802322,0.07398244738578796,0.0,0.0,0.0,0.0
5.249814748764038,0.7126068472862244,0.07000000029802322,0.07398244738578796,0.0,0.0,0.0,0.0
5.299816608428955,1.0733140707015991,0.15000000596046448,0.08448286354541779,1.5999406061805335,0.21000051258088048,31.997622026508473,4.199854045193123
5.349801301956177,1.0733140707015991,0.15000000596046448,0.08448286354541779,0.0,0.0,-32.00861090223961,-4.201296392194825
5.400026082992554,1.0733140707015991,0.15000000596046448,0.08448286354541779,0.0,0.0,0.0,0.0
5.449875116348267,1.0733140707015991,0.15000000596046448,0.08448286354541779,0.0,0.0,0.0,0.0
5.499796628952026,1.48191237449646,0.15000000596046448,0.10117841511964798,0.0,0.3344360117199813,0.0,6.699236346752716
5.549820184707642,1.48191237449646,0.15000000596046448,0.10117841511964798,0.0,0.0,0.0,-6.6855705610739244
5.600013256072998,1.48191237449646,0.15000000596046448,0.10117841511964798,0.0,0.0,0.0,0.0
5.649920463562012,1.48191237449646,0.15000000596046448,0.10117841511964798,0.0,0.0,0.0,0.0
5.700037479400635,1.9116122722625732,0.15000000596046448,0.12050136178731918,0.0,0.3855566087552211,0.0,7.693127819036844
5.749940872192383,1.9116122722625732,0.15000000596046448,0.12050136178731918,0.0,0.0,0.0,-7.726060036923505
5.799826383590698,1.9116122722625732,0.15000000596046448,0.12050136178731918,0.0,0.0,0.0,0.0
5.849812746047974,1.9116122722625732,0.15000000596046448,0.12050136178731918,0.0,0.0,0.0,0.0
5.899776458740234,2.2896616458892822,0.15000000596046448,0.1357845962047577,0.0,0.30588668443379796,0.0,6.122176834972856
5.949947834014893,2.2896616458892822,0.15000000596046448,0.1357845962047577,0.0,0.0,0.0,-6.0968367472338905
5.999943971633911,2.2896616458892822,0.15000000596046448,0.1357845962047577,0.0,0.0,0.0,0.0
6.049994945526123,2.2896616458892822,0.15000000596046448,0.1357845962047577,0.0,0.0,0.0,0.0
6.0998547077178955,2.677854299545288,0.15000000596046448,0.1467277705669403,0.0,0.2194790725253076,0.0,4.401927784595904
6.1498448848724365,2.677854299545288,0.15000000596046448,0.1467277705669403,0.0,0.0,0.0,-4.390443983561089
6.199825048446655,2.677854299545288,0.15000000596046448,0.1467277705669403,0.0,0.0,0.0,0.0
6.249832391738892,2.677854299545288,0.15000000596046448,0.1467277705669403,0.0,0.0,0.0,0.0
6.299851894378662,2.9680395126342773,0.15000000596046448,0.14996522665023804,0.0,0.0647238759372155,0.0,1.2939728010360811
6.349753379821777,2.9680395126342773,0.15000000596046448,0.14996522665023804,0.0,0.0,0.0,-1.297033051470921
6.400013208389282,2.9680395126342773,0.15000000596046448,0.14996522665023804,0.0,0.0,0.0,0.0
6.449749231338501,2.9680395126342773,0.15000000596046448,0.14996522665023804,0.0,0.0,0.0,0.0
6.499782085418701,3.13672137260437,0.15000000596046448,0.15000000596046448,0.0,0.0006951294477562865,0.0,0.013893459818263183
6.549814939498901,3.13672137260437,0.15000000596046448,0.15000000596046448,0.0,0.0,0.0,-0.013893459818263183
6.6000378131866455,3.13672137260437,0.15000000596046448,0.15000000596046448,0.0,0.0,0.0,0.0
6.650490999221802,3.13672137260437,0.15000000596046448,0.15000000596046448,0.0,0.0,0.0,0.0
6.700161457061768,3.212181568145752,0.15000000596046448,0.15000000596046448,0.0,0.0,0.0,0.0
6.749917984008789,3.212181568145752,0.15000000596046448,0.15000000596046448,0.0,0.0,0.0,0.0
6.799881935119629,3.212181568145752,0.15000000596046448,0.15000000596046448,0.0,0.0,0.0,0.0
6.849808692932129,3.212181568145752,0.15000000596046448,0.15000000596046448,0.0,0.0,0.0,0.0
6.899811506271362,3.203230381011963,0.15000000596046448,0.15000000596046448,0.0,0.0,0.0,0.0
6.950012683868408,3.203230381011963,0.15000000596046448,0.15000000596046448,0.0,0.0,0.0,0.0
6.999939680099487,3.203230381011963,0.15000000596046448,0.15000000596046448,0.0,0.0,0.0,0.0
7.0500569343566895,3.203230381011963,0.15000000596046448,0.15000000596046448,0.0,0.0,0.0,0.0
7.099971532821655,3.2073752880096436,0.15000000596046448,0.15000000596046448,0.0,0.0,0.0,0.0
7.149777889251709,3.2073752880096436,0.15000000596046448,0.15000000596046448,0.0,0.0,0.0,0.0
7.199793815612793,3.2073752880096436,0.15000000596046448,0.15000000596046448,0.0,0.0,0.0,0.0
7.249871492385864,3.2073752880096436,0.15000000596046448,0.15000000596046448,0.0,0.0,0.0,0.0
7.299954891204834,3.1829991340637207,0.15000000596046448,0.15000000596046448,0.0,0.0,0.0,0.0
7.350068807601929,3.1829991340637207,0.15000000596046448,0.15000000596046448,0.0,0.0,0.0,0.0
7.4000160694122314,3.1829991340637207,0.15000000596046448,0.15000000596046448,0.0,0.0,0.0,0.0
7.449911832809448,3.1829991340637207,0.15000000596046448,0.15000000596046448,0.0,0.0,0.0,0.0
7.499811887741089,3.0513033866882324,0.15000000596046448,0.15000000596046448,0.0,0.0,0.0,0.0
7.549965143203735,3.0513033866882324,0.15000000596046448,0.15000000596046448,0.0,0.0,0.0,0.0
7.600061893463135,3.0513033866882324,0.15000000596046448,0.15000000596046448,0.0,0.0,0.0,0.0
7.649817705154419,3.0513033866882324,0.15000000596046448,0.15000000596046448,0.0,0.0,0.0,0.0
7.699954986572266,2.792576789855957,0.15000000596046448,0.14860068261623383,0.0,-0.027909836845133647,0.0,-0.5566683325434347
7.74998140335083,2.792576789855957,0.15000000596046448,0.14860068261623383,0.0,0.0,0.0,0.5579019774426974
7.800081968307495,2.792576789855957,0.15000000596046448,0.14860068261623383,0.0,0.0,0.0,0.0
7.850023508071899,2.792576789855957,0.15000000596046448,0.14860068261623383,0.0,0.0,0.0,0.0
7.9000256061553955,2.4550256729125977,0.15000000596046448,0.14120788872241974,0.0,-0.1478496738570693,0.0,-2.9568694019635386
7.949857711791992,2.4550256729125977,0.15000000596046448,0.14120788872241974,0.0,0.0,0.0,2.9669561815282504
7.999864101409912,2.4550256729125977,0.15000000596046448,0.14120788872241974,0.0,0.0,0.0,0.0
8.049834728240967,2.4550256729125977,0.15000000596046448,0.14120788872241974,0.0,0.0,0.0,0.0
8.100016355514526,2.0660810470581055,0.15000000596046448,0.12711474299430847,0.0,-0.2808427405369708,0.0,-5.596525178547673
8.14990234375,2.0660810470581055,0.15000000596046448,0.12711474299430847,0.0,0.0,0.0,5.629691832731202
8.200023651123047,2.0660810470581055,0.15000000596046448,0.12711474299430847,0.0,0.0,0.0,0.0
8.249805927276611,2.0660810470581055,0.15000000596046448,0.12711474299430847,0.0,0.0,0.0,0.0
8.29991888999939,1.6318109035491943,0.15000000596046448,0.10791625082492828,0.0,-0.3831043132609223,0.0,-7.644814683582583
8.350029706954956,1.6318109035491943,0.15000000596046448,0.10791625082492828,0.0,0.0,0.0,7.645142037908172
8.399950981140137,1.6318109035491943,0.15000000596046448,0.10791625082492828,0.0,0.0,0.0,0.0
8.450035333633423,1.6318109035491943,0.15000000596046448,0.10791625082492828,0.0,0.0,0.0,0.0
8.499998569488525,1.2336968183517456,0.15000000596046448,0.09060762822628021,0.0,-0.34642717394935124,0.0,-6.933641667125371
8.550007343292236,1.2336968183517456,0.15000000596046448,0.09060762822628021,0.0,0.0,0.0,6.927327898682538
8.600041627883911,1.2336968183517456,0.15000000596046448,0.09060762822628021,0.0,0.0,0.0,0.0
8.650147438049316,1.2336968183517456,0.15000000596046448,0.09060762822628021,0.0,0.0,0.0,0.0
8.699869394302368,0.83962082862854,0.11045663058757782,0.07706161588430405,-0.795290015775669,-0.27243522505502304,-15.994745092654252,-5.479173499701189
8.749828100204468,0.83962082862854,0.11045663058757782,0.07706161588430405,0.0,0.0,15.918947487033396,5.45320820737219
8.80002212524414,0.83962082862854,0.11045663058757782,0.07706161588430405,0.0,0.0,0.0,0.0
8.850043535232544,0.83962082862854,0.11045663058757782,0.07706161588430405,0.0,0.0,0.0,0.0
8.900042533874512,0.5007376074790955,0.07000000029802322,0.07069740444421768,-0.80914881074431,-0.12728677799447813,-16.183300320441475,-2.545786544765661
8.9500412940979,0.5007376074790955,0.07000000029802322,0.07069740444421768,0.0,0.0,16.183377490344295,2.545798684322882
9.000161409378052,0.5007376074790955,0.07000000029802322,0.07069740444421768,0.0,0.0,0.0,0.0
9.049973487854004,0.5007376074790955,0.07000000029802322,0.07069740444421768,0.0,0.0,0.0,0.0
9.09998631477356,0.2558174133300781,0.07000000029802322,0.07000000029802322,0.0,-0.013944505622851804,0.0,-0.2788185847858826
9.14979076385498,0.2558174133300781,0.07000000029802322,0.07000000029802322,0.0,0.0,0.0,0.2799851394813175
9.2002592086792,0.2558174133300781,0.07000000029802322,0.07000000029802322,0.0,0.0,0.0,0.0
9.250056266784668,0.2558174133300781,0.07000000029802322,0.07000000029802322,0.0,0.0,0.0,0.0
9.299808740615845,0.20078682899475098,0.07000000029802322,0.07000000029802322,0.0,0.0,0.0,0.0
9.349828481674194,0.20078682899475098,0.07000000029802322,0.07000000029802322,0.0,0.0,0.0,0.0
9.399909734725952,0.20078682899475098,0.07000000029802322,0.07000000029802322,0.0,0.0,0.0,0.0
9.450000524520874,0.20078682899475098,0.07000000029802322,0.07000000029802322,0.0,0.0,0.0,0.0
9.500074625015259,0.20000000298023224,0.07000000029802322,0.07000000029802322,0.0,0.0,0.0,0.0
9.550044775009155,0.20000000298023224,0.07000000029802322,0.07000000029802322,0.0,0.0,0.0,0.0
9.599925994873047,0.20000000298023224,0.07000000029802322,0.07000000029802322,0.0,0.0,0.0,0.0
9.649915933609009,0.20000000298023224,0.07000000029802322,0.07000000029802322,0.0,0.0,0.0,0.0
9.6998872756958,0.20000000298023224,0.07000000029802322,0.07000000029802322,0.0,0.0,0.0,0.0
9.749762773513794,0.20000000298023224,0.07000000029802322,0.07000000029802322,0.0,0.0,0.0,0.0
9.8001229763031,0.20000000298023224,0.07000000029802322,0.07000000029802322,0.0,0.0,0.0,0.0
9.850042343139648,0.20000000298023224,0.07000000029802322,0.07000000029802322,0.0,0.0,0.0,0.0
9.900061130523682,0.20442768931388855,0.07000000029802322,0.07000000029802322,0.0,0.0,0.0,0.0
9.949809312820435,0.20442768931388855,0.07000000029802322,0.07000000029802322,0.0,0.0,0.0,0.0
10.000062465667725,0.20442768931388855,0.07000000029802322,0.07000000029802322,0.0,0.0,0.0,0.0
10.050008058547974,0.20442768931388855,0.07000000029802322,0.07000000029802322,0.0,0.0,0.0,0.0
10.099918127059937,0.20000000298023224,0.07000000029802322,0.07000000029802322,0.0,0.0,0.0,0.0
10.15004587173462,0.20000000298023224,0.07000000029802322,0.07000000029802322,0.0,0.0,0.0,0.0
10.20002293586731,0.20000000298023224,0.07000000029802322,0.07000000029802322,0.0,0.0,0.0,0.0
10.250044822692871,0.20000000298023224,0.07000000029802322,0.07000000029802322,0.0,0.0,0.0,0.0
10.300013065338135,0.37480291724205017,0.07000000029802322,0.07001272588968277,0.0,0.00025467358838068154,0.0,0.005096708927481587
10.350378513336182,0.37480291724205017,0.07000000029802322,0.07001272588968277,0.0,0.0,0.0,-0.005056513909904217
10.399977922439575,0.37480291724205017,0.07000000029802322,0.07001272588968277,0.0,0.0,0.0,0.0
10.449960708618164,0.37480291724205017,0.07000000029802322,0.07001272588968277,0.0,0.0,0.0,0.0
10.500074863433838,0.6609731316566467,0.07000000029802322,0.07295574992895126,0.0,0.05872640275174363,0.0,1.1718526026777611
10.549875020980835,0.6609731316566467,0.07000000029802322,0.07295574992895126,0.0,0.0,0.0,-1.1792413045344836
10.600125312805176,0.6609731316566467,0.07000000029802322,0.07295574992895126,0.0,0.0,0.0,0.0
10.649871587753296,0.6609731316566467,0.07000000029802322,0.07295574992895126,0.0,0.0,0.0,0.0
10.699909210205078,1.017655372619629,0.15000000596046448,0.08253508806228638,1.5987970999128045,0.19144271178284009,31.95189982204798,3.825975384168584
10.749839782714844,1.017655372619629,0.15000000596046448,0.08253508806228638,0.0,0.0,-32.020403923870596,-3.834178183023977
10.799829006195068,1.017655372619629,0.15000000596046448,0.08253508806228638,0.0,0.0,0.0,0.0
10.849969625473022,1.017655372619629,0.15000000596046448,0.08253508806228638,0.0,0.0,0.0,0.0
10.899912118911743,1.4314240217208862,0.15000000596046448,0.09895172715187073,0.0,0.32871084239571496,0.0,6.581786766394478
10.949981451034546,1.4314240217208862,0.15000000596046448,0.09895172715187073,0.0,0.0,0.0,-6.565113382968662
10.99993085861206,1.4314240217208862,0.15000000596046448,0.09895172715187073,0.0,0.0,0.0,0.0
11.050060510635376,1.4314240217208862,0.15000000596046448,0.09895172715187073,0.0,0.0,0.0,0.0
11.099998712539673,1.8556058406829834,0.15000000596046448,0.11802192777395248,0.0,0.38187599662936367,0.0,7.646971297869369
11.149775981903076,1.8556058406829834,0.15000000596046448,0.11802192777395248,0.0,0.0,0.0,-7.671694359958648
11.199787855148315,1.8556058406829834,0.15000000596046448,0.11802192777395248,0.0,0.0,0.0,0.0
11.249783515930176,1.8556058406829834,0.15000000596046448,0.11802192777395248,0.0,0.0,0.0,0.0
11.299975872039795,2.2573044300079346,0.15000000596046448,0.13461443781852722,0.0,0.3305784252952185,0.0,6.586230472489508
11.349904298782349,2.2573044300079346,0.15000000596046448,0.13461443781852722,0.0,0.0,0.0,-6.621046302936448
11.400002002716064,2.2573044300079346,0.15000000596046448,0.13461443781852722,0.0,0.0,0.0,0.0
11.449919939041138,2.2573044300079346,0.15000000596046448,0.13461443781852722,0.0,0.0,0.0,0.0
11.499986171722412,2.6220593452453613,0.15000000596046448,0.14556506276130676,0.0,0.2187227669493745,0.0,4.368668366597121
11.549966096878052,2.6220593452453613,0.15000000596046448,0.14556506276130676,0.0,0.0,0.0,-4.3762123746336625
11.59998345375061,2.6220593452453613,0.15000000596046448,0.14556506276130676,0.0,0.0,0.0,0.0
11.650075674057007,2.6220593452453613,0.15000000596046448,0.14556506276130676,0.0,0.0,0.0,0.0
11.699977397918701,2.915633201599121,0.15000000596046448,0.14976093173027039,0.0,0.08408264573369709,0.0,1.6849647512526271
11.749956607818604,2.915633201599121,0.15000000596046448,0.14976093173027039,0.0,0.0,0.0,-1.682352440186562
11.799979209899902,2.915633201599121,0.15000000596046448,0.14976093173027039,0.0,0.0,0.0,0.0
11.849907159805298,2.915633201599121,0.15000000596046448,0.14976093173027039,0.0,0.0,0.0,0.0
11.899925947189331,3.1332647800445557,0.15000000596046448,0.15000000596046448,0.0,0.004779688646958445,0.0,0.09555786729216466
11.950085401535034,3.1332647800445557,0.15000000596046448,0.15000000596046448,0.0,0.0,0.0,-0.09528988521319298
12.000048160552979,3.1332647800445557,0.15000000596046448,0.15000000596046448,0.0,0.0,0.0,0.0
12.049999237060547,3.1332647800445557,0.15000000596046448,0.15000000596046448,0.0,0.0,0.0,0.0
12.099856615066528,3.2090377807617188,0.15000000596046448,0.15000000596046448,0.0,0.0,0.0,0.0
12.149973630905151,3.2090377807617188,0.15000000596046448,0.15000000596046448,0.0,0.0,0.0,0.0
12.199971914291382,3.2090377807617188,0.15000000596046448,0.15000000596046448,0.0,0.0,0.0,0.0
12.250051259994507,3.2090377807617188,0.15000000596046448,0.15000000596046448,0.0,0.0,0.0,0.0
12.30008602142334,3.195239782333374,0.15000000596046448,0.15000000596046448,0.0,0.0,0.0,0.0
12.35001277923584,3.195239782333374,0.15000000596046448,0.15000000596046448,0.0,0.0,0.0,0.0
12.39990520477295,3.195239782333374,0.15000000596046448,0.15000000596046448,0.0,0.0,0.0,0.0
12.449891090393066,3.195239782333374,0.15000000596046448,0.15000000596046448,0.0,0.0,0.0,0.0
12.499754667282104,3.202190399169922,0.15000000596046448,0.15000000596046448,0.0,0.0,0.0,0.0
12.549814462661743,3.202190399169922,0.15000000596046448,0.15000000596046448,0.0,0.0,0.0,0.0
12.599961280822754,3.202190399169922,0.15000000596046448,0.15000000596046448,0.0,0.0,0.0,0.0
12.650017738342285,3.202190399169922,0.15000000596046448,0.15000000596046448,0.0,0.0,0.0,0.0
12.700063705444336,3.1860272884368896,0.15000000596046448,0.15000000596046448,0.0,0.0,0.0,0.0
12.749818563461304,3.1860272884368896,0.15000000596046448,0.15000000596046448,0.0,0.0,0.0,0.0
12.799912452697754,3.1860272884368896,0.15000000596046448,0.15000000596046448,0.0,0.0,0.0,0.0
12.85004210472107,3.1860272884368896,0.15000000596046448,0.15000000596046448,0.0,0.0,0.0,0.0
12.900024175643921,3.0650527477264404,0.15000000596046448,0.15000000596046448,0.0,0.0,0.0,0.0
12.949787139892578,3.0650527477264404,0.15000000596046448,0.15000000596046448,0.0,0.0,0.0,0.0
12.999958038330078,3.0650527477264404,0.15000000596046448,0.15000000596046448,0.0,0.0,0.0,0.0
13.049926996231079,3.0650527477264404,0.15000000596046448,0.15000000596046448,0.0,0.0,0.0,0.0
13.10050916671753,2.8347840309143066,0.15000000596046448,0.14910225570201874,0.0,-0.017748353813449472,0.0,-0.35088161782626254
13.14975094795227,2.8347840309143066,0.15000000596046448,0.14910225570201874,0.0,0.0,0.0,0.3604328147440694
13.199912548065186,2.8347840309143066,0.15000000596046448,0.14910225570201874,0.0,0.0,0.0,0.0
13.250044345855713,2.8347840309143066,0.15000000596046448,0.14910225570201874,0.0,0.0,0.0,0.0
13.299948930740356,2.497054100036621,0.15000000596046448,0.1424197256565094,0.0,-0.133906134295201,0.0,-2.68324312494995
13.349946022033691,2.497054100036621,0.15000000596046448,0.1424197256565094,0.0,0.0,0.0,2.678278492434056
13.399892568588257,2.497054100036621,0.15000000596046448,0.1424197256565094,0.0,0.0,0.0,0.0
13.44993782043457,2.497054100036621,0.15000000596046448,0.1424197256565094,0.0,0.0,0.0,0.0
13.499929189682007,2.12367844581604,0.15000000596046448,0.12946783006191254,0.0,-0.25908263345399396,0.0,-5.182547254739963
13.550004005432129,2.12367844581604,0.15000000596046448,0.12946783006191254,0.0,0.0,0.0,5.1739108686258595
13.59982705116272,2.12367844581604,0.15000000596046448,0.12946783006191254,0.0,0.0,0.0,0.0
13.649962663650513,2.12367844581604,0.15000000596046448,0.12946783006191254,0.0,0.0,0.0,0.0
13.699937105178833,1.7080750465393066,0.15000000596046448,0.1113758236169815,0.0,-0.36202518510743864,0.0,-7.244206719194259
13.749792337417603,1.7080750465393066,0.15000000596046448,0.1113758236169815,0.0,0.0,0.0,7.2615284063587735
13.800003051757812,1.7080750465393066,0.15000000596046448,0.1113758236169815,0.0,0.0,0.0,0.0
13.84991192817688,1.7080750465393066,0.15000000596046448,0.1113758236169815,0.0,0.0,0.0,0.0
13.899784088134766,1.2873371839523315,0.15000000596046448,0.09279898554086685,0.0,-0.37248914207449124,0.0,-7.468879278319559
13.949857950210571,1.2873371839523315,0.15000000596046448,0.09279898554086685,0.0,0.0,0.0,7.438793946242623
13.99991488456726,1.2873371839523315,0.15000000596046448,0.09279898554086685,0.0,0.0,0.0,0.0
14.049971342086792,1.2873371839523315,0.15000000596046448,0.09279898554086685,0.0,0.0,0.0,0.0
14.099974632263184,0.9003323912620544,0.15000000596046448,0.0787878930568695,0.0,-0.28020341130697235,0.0,-5.603699482944559
14.150026082992554,0.9003323912620544,0.15000000596046448,0.0787878930568695,0.0,0.0,0.0,5.598307486071516
14.199802875518799,0.9003323912620544,0.15000000596046448,0.0787878930568695,0.0,0.0,0.0,0.0
14.249971866607666,0.9003323912620544,0.15000000596046448,0.0787878930568695,0.0,0.0,0.0,0.0
14.299866199493408,0.5490363240242004,0.07000000029802322,0.0712227150797844,-1.6033886222237088,-0.15162399293742115,-32.1356861488751,-3.0389020990548055
14.34994101524353,0.5490363240242004,0.07000000029802322,0.0712227150797844,0.0,0.0,32.019860646612564,3.027949093093798
14.39973759651184,0.5490363240242004,0.07000000029802322,0.0712227150797844,0.0,0.0,0.0,0.0
14.449880838394165,0.5490363240242004,0.07000000029802322,0.0712227150797844,0.0,0.0,0.0,0.0
14.49993896484375,0.2770717442035675,0.07000000029802322,0.07000000029802322,0.0,-0.024425899818536,0.0,-0.4879507394895423
14.549983501434326,0.2770717442035675,0.07000000029802322,0.07000000029802322,0.0,0.0,0.0,0.48808324509763995
14.59989881515503,0.2770717442035675,0.07000000029802322,0.07000000029802322,0.0,0.0,0.0,0.0
14.649937391281128,0.2770717442035675,0.07000000029802322,0.07000000029802322,0.0,0.0,0.0,0.0
14.699963569641113,0.20000000298023224,0.07000000029802322,0.07000000029802322,0.0,0.0,0.0,0.0
14.749897480010986,0.20000000298023224,0.07000000029802322,0.07000000029802322,0.0,0.0,0.0,0.0
14.799977779388428,0.20000000298023224,0.07000000029802322,0.07000000029802322,0.0,0.0,0.0,0.0
14.849896907806396,0.20000000298023224,0.07000000029802322,0.07000000029802322,0.0,0.0,0.0,0.0
14.899823904037476,0.2165406048297882,0.07000000029802322,0.07000000029802322,0.0,0.0,0.0,0.0
14.949828386306763,0.2165406048297882,0.07000000029802322,0.07000000029802322,0.0,0.0,0.0,0.0
14.999949932098389,0.2165406048297882,0.07000000029802322,0.07000000029802322,0.0,0.0,0.0,0.0
15.049947261810303,0.2165406048297882,0.07000000029802322,0.07000000029802322,0.0,0.0,0.0,0.0
15.099725723266602,0.20000000298023224,0.07000000029802322,0.07000000029802322,0.0,0.0,0.0,0.0
15.150108337402344,0.20000000298023224,0.07000000029802322,0.07000000029802322,0.0,0.0,0.0,0.0
15.199763536453247,0.20000000298023224,0.07000000029802322,0.07000000029802322,0.0,0.0,0.0,0.0
15.249847412109375,0.20000000298023224,0.07000000029802322,0.07000000029802322,0.0,0.0,0.0,0.0
15.299971580505371,0.20000000298023224,0.07000000029802322,0.07000000029802322,0.0,0.0,0.0,0.0
15.349919319152832,0.20000000298023224,0.07000000029802322,0.07000000029802322,0.0,0.0,0.0,0.0
15.39984917640686,0.20000000298023224,0.07000000029802322,0.07000000029802322,0.0,0.0,0.0,0.0
15.449862480163574,0.20000000298023224,0.07000000029802322,0.07000000029802322,0.0,0.0,0.0,0.0
15.499758958816528,0.20000000298023224,0.07000000029802322,0.07000000029802322,0.0,0.0,0.0,0.0
15.549869060516357,0.20000000298023224,0.07000000029802322,0.07000000029802322,0.0,0.0,0.0,0.0
15.599838256835938,0.20000000298023224,0.07000000029802322,0.07000000029802322,0.0,0.0,0.0,0.0
15.650581121444702,0.20000000298023224,0.07000000029802322,0.07000000029802322,0.0,0.0,0.0,0.0
15.699760675430298,0.3325364291667938,0.07000000029802322,0.07000000029802322,0.0,0.0,0.0,0.0
15.749796867370605,0.3325364291667938,0.07000000029802322,0.07000000029802322,0.0,0.0,0.0,0.0
15.79978632926941,0.3325364291667938,0.07000000029802322,0.07000000029802322,0.0,0.0,0.0,0.0
15.849904537200928,0.3325364291667938,0.07000000029802322,0.07000000029802322,0.0,0.0,0.0,0.0
15.900480508804321,0.6094352006912231,0.07000000029802322,0.07000000029802322,0.0,0.0,0.0,0.0
15.949922323226929,0.6094352006912231,0.07000000029802322,0.07207127660512924,0.0,0.04189320985272985,0.0,0.8473234718824164
15.99979567527771,0.6094352006912231,0.07000000029802322,0.07207127660512924,0.0,0.0,0.0,-0.839991861988222
16.05002188682556,0.6094352006912231,0.07000000029802322,0.07207127660512924,0.0,0.0,0.0,0.0
16.100059986114502,0.6094352006912231,0.07000000029802322,0.07207127660512924,0.0,0.0,0.0,0.0
16.149869203567505,0.9705795049667358,0.15000000596046448,0.0809701606631279,1.6061285391187803,0.17865938300265657,32.245608769787026,3.5868739188932075
16.199995279312134,0.9705795049667358,0.15000000596046448,0.0809701606631279,0.0,0.0,-32.041776964574765,-3.5642004754740895
16.250073194503784,0.9705795049667358,0.15000000596046448,0.0809701606631279,0.0,0.0,0.0,0.0
16.300010919570923,0.9705795049667358,0.15000000596046448,0.0809701606631279,0.0,0.0,0.0,0.0
16.349793195724487,1.3576054573059082,0.15000000596046448,0.09575661271810532,0.0,0.29702241836764015,0.0,5.966429044975942
16.399835348129272,1.3576054573059082,0.15000000596046448,0.09575661271810532,0.0,0.0,0.0,-5.935444502168099
16.449782133102417,1.3576054573059082,0.15000000596046448,0.09575661271810532,0.0,0.0,0.0,0.0
16.499958038330078,1.3576054573059082,0.15000000596046448,0.09575661271810532,0.0,0.0,0.0,0.0
16.549887895584106,1.797390341758728,0.15000000596046448,0.11541412770748138,0.0,0.39370260742714436,0.0,7.8851138192545225
16.600048303604126,1.797390341758728,0.15000000596046448,0.11541412770748138,0.0,0.0,0.0,-7.848871709137884
16.6500985622406,1.797390341758728,0.15000000596046448,0.11541412770748138,0.0,0.0,0.0,0.0
16.70007038116455,1.797390341758728,0.15000000596046448,0.11541412770748138,0.0,0.0,0.0,0.0
16.750043392181396,2.2106616497039795,0.15000000596046448,0.13287268579006195,0.0,0.3493597389337888,0.0,6.990968361222441
16.800057649612427,2.2106616497039795,0.15000000596046448,0.13287268579006195,0.0,0.0,0.0,-6.985202957687742
16.849807262420654,2.2106616497039795,0.15000000596046448,0.13287268579006195,0.0,0.0,0.0,0.0
16.900062799453735,2.2106616497039795,0.15000000596046448,0.13287268579006195,0.0,0.0,0.0,0.0
16.950052738189697,2.5651814937591553,0.15000000596046448,0.14422279596328735,0.0,0.22704789124016922,0.0,4.541871764224324
17.0004243850708,2.5651814937591553,0.15000000596046448,0.14422279596328735,0.0,0.0,0.0,-4.507454198908558
17.050036430358887,2.5651814937591553,0.15000000596046448,0.14422279596328735,0.0,0.0,0.0,0.0
17.099992036819458,2.5651814937591553,0.15000000596046448,0.14422279596328735,0.0,0.0,0.0,0.0
17.149810075759888,2.86580491065979,0.15000000596046448,0.1494029015302658,0.0,0.10398051944944293,0.0,2.0872061940009012
17.199944734573364,2.86580491065979,0.15000000596046448,0.1494029015302658,0.0,0.0,0.0,-2.0740246749518563
17.249879598617554,2.86580491065979,0.15000000596046448,0.1494029015302658,0.0,0.0,0.0,0.0
17.300060749053955,2.86580491065979,0.15000000596046448,0.1494029015302658,0.0,0.0,0.0,0.0
17.35078740119934,3.1004128456115723,0.15000000596046448,0.15000000596046448,0.0,0.011771019867176154,0.0,0.23204803331865226
17.400068044662476,3.1004128456115723,0.15000000596046448,0.15000000596046448,0.0,0.0,0.0,-0.23885686224819017
17.45003890991211,3.1004128456115723,0.15000000596046448,0.15000000596046448,0.0,0.0,0.0,0.0
17.50003218650818,3.1004128456115723,0.15000000596046448,0.15000000596046448,0.0,0.0,0.0,0.0
17.550065517425537,3.2075154781341553,0.15000000596046448,0.15000000596046448,0.0,0.0,0.0,0.0
17.599849700927734,3.2075154781341553,0.15000000596046448,0.15000000596046448,0.0,0.0,0.0,0.0
17.64992380142212,3.2075154781341553,0.15000000596046448,0.15000000596046448,0.0,0.0,0.0,0.0
17.699844360351562,3.2075154781341553,0.15000000596046448,0.15000000596046448,0.0,0.0,0.0,0.0
17.74982786178589,3.1963694095611572,0.15000000596046448,0.15000000596046448,0.0,0.0,0.0,0.0
17.800003051757812,3.1963694095611572,0.15000000596046448,0.15000000596046448,0.0,0.0,0.0,0.0
17.85004734992981,3.1963694095611572,0.15000000596046448,0.15000000596046448,0.0,0.0,0.0,0.0
17.90005111694336,3.1963694095611572,0.15000000596046448,0.15000000596046448,0.0,0.0,0.0,0.0
17.95004653930664,3.2128593921661377,0.15000000596046448,0.15000000596046448,0.0,0.0,0.0,0.0
