station,baseline_mean_x_m,baseline_mean_y_m,baseline_left_x_m,baseline_left_y_m,baseline_right_x_m,baseline_right_y_m,baseline_max_perpendicular_deviation_m,baseline_trial_count,safety_stack_mean_x_m,safety_stack_mean_y_m,safety_stack_left_x_m,safety_stack_left_y_m,safety_stack_right_x_m,safety_stack_right_y_m,safety_stack_max_perpendicular_deviation_m,safety_stack_trial_count
0,0.4999999796139693,-2.9999977850700215,0.4999999796139693,-2.9999977850700215,0.4999999796139693,-2.9999977850700215,1.662493619054719e-17,30,0.4999999796139693,-2.9999977850700215,0.4999999796139693,-2.9999977850700215,0.4999999796139693,-2.9999977850700215,1.576621262599447e-17,30
1,0.4994745548657921,-2.9578952547478106,0.4985089793401177,-2.957905966721723,0.5004401303914665,-2.9578845427738982,0.000965634942494602,30,0.49950391845608605,-2.9580828395071177,0.498070473668669,-2.9580907250439137,0.500937363243503,-2.9580749539703217,0.0014334664768537741,30
2,0.49906585977404494,-2.915796379906382,0.495810741199804,-2.9158042445209906,0.5023209783482859,-2.9157885152917737,0.003255128074981286,30,0.4995388688220787,-2.9161763689575566,0.49485401795069633,-2.9161279077085287,0.504223719693461,-2.9162248302065845,0.004685101512213947,30
3,0.499271145800697,-2.8737054172402967,0.4926818237366126,-2.8735949355511408,0.5058604678647813,-2.8738158989294527,0.006590248209883098,30,0.5003707521037982,-2.8742842075840698,0.49162709335055627,-2.8740110376655448,0.5091144108570401,-2.8745573775025948,0.008747924908087136,30
4,0.5004768160840436,-2.831644466444713,0.48983097125895464,-2.831187478021101,0.5111226609091325,-2.832101454868325,0.01065564875824971,30,0.502155356572662,-2.8324274842096764,0.48930455338885237,-2.831682745761439,0.5150061597564716,-2.8331722226579137,0.012872364888601252,30
5,0.5028792976987808,-2.789651154095637,0.48788180987078367,-2.788539910715393,0.517876785526778,-2.7907623974758806,0.015038600433586178,30,0.5052175020514862,-2.790651316323668,0.4884931035487833,-2.7891318107010385,0.5219419005541891,-2.7921708219462977,0.016793284449875004,30
6,0.5066906696275875,-2.7477814760853745,0.4872996796577955,-2.745656691689134,0.5260816595973794,-2.749906260481615,0.019507055152920415,30,0.5097343044157228,-2.749009994948134,0.4895205505486496,-2.7464313465172623,0.5299480582827959,-2.751588643379006,0.020377567890419408,30
7,0.5120346777559059,-2.7060982613073397,0.4883460047784617,-2.702656371691349,0.5357233507333502,-2.7095401509233303,0.02393741488885055,30,0.515816034367931,-2.70757053608547,0.4925417451061938,-2.703700317090701,0.5390903236296681,-2.711440755080239,0.023593879200048566,30
8,0.518774002734851,-2.664618400452253,0.4914969979592133,-2.659728765609746,0.5460510075104886,-2.66950803529476,0.02771179385069145,30,0.5234707286692265,-2.6664034261906266,0.4975345743564071,-2.6611407049043105,0.549406882982046,-2.6716661474769428,0.02646469980702266,30
9,0.526862212830695,-2.6233823207364932,0.4971880879515583,-2.617034190482337,0.5565363377098318,-2.6297304509906496,0.03034555066342244,30,0.532464676225024,-2.6255213982321712,0.5047370857645403,-2.6190705007678865,0.5601922666855077,-2.631972295696456,0.028468111121727414,30
10,0.5363516772500568,-2.582452142394217,0.5049294976944045,-2.574698908148618,0.5677738568057091,-2.590205376639816,0.03236457954762863,30,0.5424392528100525,-2.584871907215393,0.5108707293265966,-2.576616298991876,0.5740077762935083,-2.59312751543891,0.03263015081279433,30
11,0.5469937761129001,-2.5417934539292637,0.5107581333887355,-2.5319984851344377,0.5832294188370647,-2.5515884227240897,0.037536158798216465,30,0.5536413764500505,-2.5445440625524673,0.5169656174220151,-2.5337916188112097,0.590317135478086,-2.555296506293725,0.03821944984810003,30
12,0.5582893440053557,-2.501295635273267,0.5172497459752793,-2.4895827755987336,0.5993289420354321,-2.5130084949478007,0.04267832808610896,30,0.5659870452501816,-2.504552197393283,0.5241380376463635,-2.491517717143328,0.6078360528539998,-2.517586677643238,0.04383191888123204,30
13,0.5700745591845106,-2.4609228479629186,0.5241390258715338,-2.4473211080244006,0.6160100924974873,-2.4745245879014366,0.04790699896781959,30,0.5785354541569359,-2.4646181715873055,0.532028082720534,-2.4503080734437996,0.6250428255933377,-2.4789282697308113,0.04865916672940679,30
14,0.5821743800792458,-2.4206315529416518,0.5319997032979231,-2.4056941297840604,0.6323490568605685,-2.435568976099243,0.052350977074923415,30,0.5906101959318412,-2.4245277277353905,0.5407844783453716,-2.4097813113379507,0.6404359135183108,-2.4392741441328303,0.05196209127405574,30
15,0.5940850442127281,-2.380271833866064,0.5407690238456881,-2.3648151124050263,0.6474010645797681,-2.3957285553271013,0.05551133457324476,30,0.6022992153552695,-2.3843243278256403,0.5505595049396885,-2.369574127836936,0.6540389257708505,-2.3990745278143444,0.0538011713031877,30
16,0.6056081480849733,-2.3397997118931295,0.5506242896540906,-2.3242824727636724,0.660592006515856,-2.3553169510225866,0.05713150967853121,30,0.6135670499641758,-2.344001295511055,0.5610634090314709,-2.329778395328286,0.6660706908968806,-2.3582241956938246,0.05439598515331275,30
17,0.6169423242742736,-2.2992792397238975,0.5620913123607053,-2.2839145837336736,0.671793336187842,-2.3146438957141213,0.056962322298518824,30,0.6241958292687291,-2.303493277914517,0.5718944801383502,-2.2899701936267616,0.676497178399108,-2.317016362202273,0.05402133772419493,30
18,0.628305609169256,-2.2587709723538976,0.5759215033992685,-2.2439305621634236,0.6806897149392436,-2.2736113825443716,0.05444568221578976,30,0.6345345635407719,-2.2629081643413826,0.5835350808822707,-2.2498838896377364,0.685534046199273,-2.275932439045029,0.05263628941130632,30
19,0.6398731445186933,-2.2183373723725968,0.5920217240703631,-2.2044569758807304,0.6877245649670234,-2.232217768864463,0.04982392844501813,30,0.6449181987186504,-2.2223501704900053,0.5963922831409293,-2.2097834239641583,0.6934441142963715,-2.2349169170158523,0.050126715440980206,30
20,0.6517298283832809,-2.178018080104677,0.6088547371456583,-2.165326745312487,0.6946049196209034,-2.1907094148968667,0.044714018243073375,30,0.6555206037866832,-2.181871532052413,0.6103117663884025,-2.1698960709306303,0.7007294411849639,-2.1938469931741955,0.04676805157352102,30
21,0.6637246672750198,-2.1377598577865764,0.6239682138221101,-2.1258159984216705,0.7034811207279295,-2.1497037171514823,0.0415118220231542,30,0.666342841001788,-2.141469512998421,0.6250973371246532,-2.1302588049919287,0.7075883448789227,-2.152680221004913,0.04274191811425364,30
22,0.6759001872534546,-2.097564374312928,0.6393360685172307,-2.086428190117329,0.7124643059896785,-2.108700558508527,0.03822236750117637,30,0.6774570156739629,-2.10116491111257,0.6406536708258932,-2.090929282866359,0.7142603605220326,-2.1114005393587814,0.03820018687913157,30
23,0.6881998357425565,-2.0573990312936234,0.6552935808321814,-2.0473076109504453,0.7211060906529316,-2.0674904516368016,0.034418866581706176,30,0.6887469754795199,-2.060912944571689,0.6568571017876549,-2.0519389959938454,0.7206368491713849,-2.0698868931495324,0.03312847411458726,30
24,0.7005381227151125,-2.0172246245853516,0.6714845506102567,-2.008405757229443,0.7295916948199683,-2.02604349194126,0.03036251757501623,30,0.7001102627157684,-2.020664206143364,0.6731120132385701,-2.0130871826393264,0.7271085121929667,-2.028241229647402,0.028041340196463135,30
25,0.7126174318853142,-1.9769557769016017,0.6875150543382191,-1.9696048541118525,0.7377198094324093,-1.984306699691351,0.02615655604963622,30,0.7113511737354402,-1.9803702640032328,0.688649232882578,-1.974143389261811,0.7340531145883025,-1.9865971387446546,0.023540435160213445,30
26,0.7241706333849416,-1.93652289200192,0.7015659154835937,-1.9302530268897624,0.7467753512862895,-1.9427927571140775,0.023458143147405502,30,0.7222432008813143,-1.9399719369072623,0.7025607522601932,-1.9347942922982158,0.7419256495024354,-1.945149581516309,0.020352070838631175,30
27,0.735096900575951,-1.8959106444730411,0.7093247248754883,-1.8891685874151591,0.7608690762764138,-1.9026527015309231,0.02663945145282199,30,0.7326415591029201,-1.8994363746074425,0.7097646372733712,-1.893711047678491,0.7555184809324689,-1.905161701536394,0.023582470626265294,30
28,0.7454594335699959,-1.8551443610712386,0.7169083638507285,-1.848058827039217,0.7740105032892632,-1.86222989510326,0.029417144229741295,30,0.7425645862821387,-1.858772950185306,0.7161684547656105,-1.8524411241012113,0.7689607177986669,-1.8651047762694009,0.027144940239335155,30
29,0.7553613385869127,-1.8142553479409795,0.7236120709168792,-1.8066564380679115,0.7871106062569462,-1.8218542578140475,0.03264597109663684,30,0.7521710172713159,-1.818021923323883,0.7225964896770602,-1.8111151951877045,0.7817455448655715,-1.8249286514600616,0.030370307472438695,30
30,0.7650470043877636,-1.773304855235915,0.7304924807564591,-1.7651606228382277,0.7996015280190681,-1.7814490876336022,0.03550131863373418,30,0.7616104776104126,-1.7772186704251522,0.7292450927785128,-1.769785051972983,0.7939758624423123,-1.7846522888773215,0.03320808363349804,30
31,0.7746701904253438,-1.7323313378484029,0.7382401999496574,-1.723883893212457,0.8111001809010302,-1.7407787824843488,0.03739657105853385,30,0.7709238346381753,-1.73637364467385,0.7366035839788687,-1.7286269784744248,0.8052440852974818,-1.7441203108732752,0.035183667269387195,30
32,0.7840618600543726,-1.6913024224666644,0.7467410199465656,-1.6829646027724705,0.8213827001621796,-1.6996402421608583,0.03824087268362717,30,0.7800594575795823,-1.6954836891247558,0.7446089484992467,-1.6877514826063647,0.8155099666599178,-1.703215895643147,0.03628395804895049,30
33,0.7930240473279672,-1.650177803237745,0.7555868638198394,-1.642290467702638,0.8304612308360949,-1.658065138772852,0.03825902208453051,30,0.7887809859283371,-1.6545024346311399,0.7529539935445415,-1.6471586746539064,0.8246079783121327,-1.6618461946083734,0.036571904433208825,30
34,0.8014152216670661,-1.6089348117208528,0.7640494148888411,-1.6015133379031488,0.8387810284452911,-1.616356285538557,0.03809569253622398,30,0.7968861034949236,-1.6133938445597555,0.7613078681934834,-1.6065530197143294,0.8324643387963638,-1.6202346694051817,0.03622992839808612,30
35,0.8094221528337623,-1.567616245128249,0.7713839070418087,-1.5600626722352102,0.8474603986257159,-1.5751698180212876,0.03878098253499415,30,0.8046036234182841,-1.5722109665075095,0.7694257217121223,-1.5655087242294896,0.8397815251244458,-1.5789132087855293,0.03581068025047355,30
36,0.8178089193940575,-1.5263795081038072,0.7778430279005002,-1.5170045722784418,0.8577748108876149,-1.5357544439291726,0.04105072355762457,30,0.8125687541342013,-1.5310806843074258,0.7769840294951834,-1.5234134614443926,0.8481534787732191,-1.538747907170459,0.03640135895905727,30
37,0.8277798420990162,-1.4893563582432112,0.7834319735247882,-1.4620972169664825,0.8721277106732442,-1.51661549951994,0.052055683937699396,30,0.8218026079792058,-1.4923879144579957,0.7851016907480111,-1.475341911804895,0.8585035252104005,-1.5094339171110964,0.04046632590266286,30
38,0.8423819127846435,-1.4864017307300417,0.8711519226701774,-1.454196135048992,0.8136119028991096,-1.5186073264110913,0.04318464845271937,30,0.8354661018423001,-1.4817815213217886,0.8642638280700565,-1.4215904224291587,0.8066683756145436,-1.5419726202144186,0.06672538813518562,30
39,0.8579131000639606,-1.516275100505287,0.8808545818223495,-1.5073514913039532,0.8349716183055717,-1.5251987097066209,0.024615897027096625,30,0.8502855622613242,-1.5060152503044024,0.8759875396618413,-1.4951633493270557,0.8245835848608072,-1.516867151281749,0.027899021436581392,30
40,0.8696297717624553,-1.5564525639289215,0.891225785072615,-1.551609211188476,0.8480337584522956,-1.561295916669367,0.022132461604190704,30,0.8622496451190628,-1.5452164923413494,0.8891172134900311,-1.5389672198269229,0.8353820767480944,-1.551465764855776,0.02758477183389822,30
41,0.8762018760505838,-1.597822877592716,0.8961060278929378,-1.5958081586104225,0.8562977242082297,-1.5998375965750093,0.020005857970632,30,0.8689669343747856,-1.5863322858254534,0.8964495138923324,-1.5835000610208527,0.8414843548572387,-1.589164510630054,0.027628131936163938,30
42,0.878055142861722,-1.6396899122449027,0.8976034004888054,-1.6398301397638229,0.8585068852346387,-1.6395496847259825,0.019548760574826376,30,0.8707775900117336,-1.6279676649366077,0.8986651827701003,-1.6282832739136746,0.8428899972533669,-1.6276520559595409,0.027889378603384366,30
43,0.8756013277616937,-1.6815416280856899,0.8952285985449848,-1.6836045727002242,0.8559740569784027,-1.6794786834711555,0.019735386970699827,30,0.8680251301834788,-1.6695512486996233,0.8981252286280264,-1.673087461756961,0.8379250317389313,-1.6660150356422856,0.03030710690841896,30
44,0.8692984519522551,-1.7230028341889922,0.8923535154535409,-1.7275085007959436,0.8462433884509692,-1.7184971675820409,0.023491210795131806,30,0.8610644981896124,-1.7106450984809767,0.8922226031230269,-1.7174855851460045,0.8299063932561979,-1.7038046118159489,0.03190015299110793,30
45,0.8595248758949582,-1.763803289010872,0.8853149779924672,-1.7710242531219345,0.8337347737974492,-1.7565823248998094,0.026781928401315516,30,0.8501682813591862,-1.7508883810840732,0.8828685086212462,-1.7613390305706649,0.8174680540971262,-1.7404377315974815,0.034329592739821,30
46,0.8466872222700272,-1.8037601836351012,0.8748583970368781,-1.8139223138624387,0.8185160475031764,-1.7935980534077636,0.02994802127857233,30,0.8356997374003922,-1.7900117869647358,0.8697030498347484,-1.804238882026456,0.8016964249660359,-1.7757846919030156,0.036859672955734106,30
47,0.8310614334055819,-1.8427088525980546,0.8614831821507057,-1.856168581681145,0.8006396846604581,-1.8292491235149642,0.033266305831901904,30,0.8179934057404209,-1.8277875894927602,0.8527305154107017,-1.8457366953690961,0.7832562960701401,-1.8098384836164243,0.03910034769672812,30
48,0.8127560476824036,-1.8804515985632395,0.8450940253598157,-1.8976008429146418,0.7804180700049915,-1.8633023542118372,0.036603843815764876,30,0.7974313823776487,-1.8640729716546582,0.8322549004462925,-1.8853883783704277,0.7626078643090048,-1.8427575649388888,0.0408292049167729,30
49,0.7917888851361022,-1.9167642898669084,0.8258312362838461,-1.938119742447289,0.7577465339883583,-1.8954088372865279,0.04018627908352776,30,0.7744728165792768,-1.8988882747022948,0.808107739716193,-1.922445659075299,0.7408378934423606,-1.8753308903292907,0.04106407691551971,30
50,0.7682216310710124,-1.9514431283722458,0.8036477367022328,-1.9774761360419648,0.732795525439792,-1.9254101207025267,0.04396278481313523,30,0.7495970853740491,-1.9323701508978783,0.7810776579109476,-1.957107133485789,0.7181165128371506,-1.9076331683099677,0.04003679251395553,30
51,0.7421673579936282,-1.9842900050833063,0.7783418721715565,-2.015285554756284,0.7059928438156999,-1.9532944554103284,0.047637375825492004,30,0.7229532737318992,-1.9644526457775024,0.7521147764823048,-1.9901718482682074,0.6937917709814936,-1.9387334432867975,0.03888278050011085,30
52,0.7137144062079191,-2.0150578214302137,0.7494753793742862,-2.0508411571527674,0.6779534330415521,-1.9792744857076603,0.05058946844194548,30,0.6944725152414821,-1.9948726839416904,0.722329903759086,-2.0227358662349832,0.6666151267238782,-1.9670095016483977,0.039400393684961954,30
53,0.6829372663674825,-2.0434830812600766,0.7170642118150934,-2.083473998502114,0.6488103209198717,-2.003492164018039,0.05257301463149784,30,0.664062299317305,-2.0233313746024773,0.6931828087103369,-2.0566003648663664,0.6349417899242731,-1.9900623843385883,0.04421345700675761,30
54,0.6500170380528165,-2.069415079480313,0.6814803570562341,-2.1124596324036635,0.6185537190493989,-2.026370526556962,0.05331767042062098,30,0.6318218299472261,-2.049711134255932,0.6609410699231556,-2.087731097108779,0.6027025899712967,-2.011691171403085,0.04788995418777978,30
55,0.6153006037146951,-2.092921947477613,0.6433949562161273,-2.137448458215988,0.5872062512132629,-2.048395436739238,0.05264886324517707,30,0.5979299412769011,-2.073981713515378,0.6259298085778103,-2.1157551415537763,0.5699300739759919,-2.03220828547698,0.050289281750167635,30
56,0.579124749166547,-2.11414512727828,0.6037148505892398,-2.159037578962611,0.5545346477438542,-2.0692526755939493,0.0511859874009311,30,0.5625772215809468,-2.0961243671794323,0.5883565379904818,-2.1401722952028597,0.5367979051714118,-2.052076439156005,0.05103717388041726,30
57,0.5417563736496739,-2.133206227094802,0.562909724624788,-2.177707929078205,0.5206030226745597,-2.088704525111399,0.0492733775673635,30,0.5259441079889122,-2.1161118580331433,0.5488135802327953,-2.1610962292052225,0.5030746357450292,-2.071127486861064,0.050463911961530786,30
58,0.5033768836640964,-2.1501509678006645,0.5225849765372221,-2.1969434234481295,0.48416879079097064,-2.1033585121531995,0.050581466342353054,30,0.48819962900056874,-2.133936972863683,0.5078452097420872,-2.178649122365519,0.4685540482590502,-2.0892248233618465,0.04883774314755006,30
59,0.46414838868122665,-2.1650639563450267,0.48160001137103575,-2.2146656326879395,0.44669676599141755,-2.115462280002114,0.05258217787933977,30,0.44952488652129213,-2.1496888612028178,0.46686420772290516,-2.195540931826634,0.4321855653196791,-2.1038367905790016,0.04902106119031008,30
60,0.4242116608099687,-2.178004090946215,0.439609789711657,-2.229970669163379,0.4088135319082804,-2.126037512729051,0.054199885841887355,30,0.4100855891053979,-2.163476411533972,0.42615489919625194,-2.213794582662916,0.39401627901454384,-2.1131582404050278,0.05282178596524119,30
61,0.38367868228538166,-2.188907798950676,0.39666387534581465,-2.2429379545790855,0.37069348922494866,-2.134877643322267,0.055568632843060524,30,0.3699604493346199,-2.1750980838488583,0.38411759599654033,-2.2301899277241013,0.3558033026726995,-2.1200062399736153,0.05688177267966687,30
62,0.3426392670677967,-2.197608574198653,0.3526811365579119,-2.2530737395677902,0.3325973975776815,-2.1421434088295155,0.05636686714979147,30,0.3292224697882618,-2.1842560943179694,0.3406145644309292,-2.2433993346236702,0.3178303751455944,-2.1251128540122686,0.060230413365718855,30
63,0.3011609921447432,-2.2038474799108476,0.30792109657692535,-2.2598243624485934,0.294400887712561,-2.147870597373102,0.05638360036906632,30,0.28800733147151736,-2.1908837876779423,0.29618231087270236,-2.2530907226329653,0.27983235207033236,-2.1286768527229194,0.06274179663277285,30
64,0.25936746759423557,-2.2076649766844008,0.2630049867620871,-2.263474114065166,0.255729948426384,-2.1518558393036353,0.05592755457626998,30,0.2464610703256137,-2.1951322568601292,0.2514200207075816,-2.260016543942779,0.2415021199436458,-2.1302479697774794,0.0650735115013361,30
65,0.21740509125944843,-2.209306508829577,0.21829346802996638,-2.264523440013374,0.21651671448893048,-2.15408957764578,0.05522407720046181,30,0.20472324799109032,-2.1972489903511416,0.2065534569152906,-2.264642516273899,0.20289303906689005,-2.1298554644283842,0.06741837287422157,30
66,0.175391913301706,-2.2090160465487605,0.17389927296369861,-2.2633449906151064,0.1768845536397134,-2.1546871024824146,0.054349444693968886,30,0.1629126621213043,-2.1974011846273678,0.16166355974718263,-2.267045837151546,0.164161764495426,-2.1277565321031897,0.06965585317799601,30
67,0.13341160466901736,-2.2069988610670572,0.1296680226037183,-2.2631121113635575,0.13715518673431643,-2.150885610770557,0.056237987744204854,30,0.12112107277277286,-2.195749554690799,0.11693624733027022,-2.267147161488833,0.1253058982152755,-2.1243519478927646,0.07152014415862777,30
68,0.09152073751146733,-2.203420601126782,0.08563077802941216,-2.261143478528076,0.0974106969935225,-2.145697723725488,0.05802260075337073,30,0.07940870334426678,-2.19250676999764,0.07256348005758352,-2.265337477970158,0.08625392663095004,-2.1196760620251225,0.07315168559659252,30
69,0.049757879590304775,-2.1984629551417307,0.041940344919200775,-2.2576159670097105,0.057575414261408775,-2.139309943273751,0.05966735004495562,30,0.03780581399217608,-2.1879189079015875,0.028682056159774177,-2.2620140209876176,0.04692957182457798,-2.1138237948155574,0.07465473019317614,30
70,0.008132828988991111,-2.192400234700129,-0.0012856647629586066,-2.253093686631182,0.01755132274094083,-2.1317067827690757,0.061419891988366025,30,-0.0036846166106423183,-2.1822750111517006,-0.014616398796715247,-2.257572999460103,0.007247165575430611,-2.1069770228432985,0.07608738992143178,30
71,-0.03337672873123724,-2.1855620117263403,-0.04402407145221414,-2.248063455420201,-0.022729386010260342,-2.12306056803248,0.06340186409589812,30,-0.04507944473317997,-2.1758856037565844,-0.057291900757297023,-2.252422480243864,-0.03286698870906292,-2.0993487272693048,0.07750508076616708,30
72,-0.07481182254534478,-2.1782703189803607,-0.08632542413363062,-2.2429275571843603,-0.06329822095705895,-2.113613080776361,0.06567435933225783,30,-0.08641438128560198,-2.1690743991154045,-0.09940144581199567,-2.246975782928049,-0.0734273167592083,-2.09117301530276,0.07897651198259942,30
73,-0.11621790353230195,-2.170810372029704,-0.12829980725381804,-2.238012231257158,-0.10413599981078588,-2.1036085128022495,0.06827929613845325,30,-0.1277272529011232,-2.162107255220138,-0.1411014817981575,-2.241522718906797,-0.11435302400408887,-2.0826917915334793,0.080533756097411,30
74,-0.1576310750930185,-2.1633806381430762,-0.17011993290850683,-2.233453124812071,-0.14514221727753016,-2.0933081514740817,0.07117671640018174,30,-0.16904568432995018,-2.1551585959497173,-0.1825210165614627,-2.23592313716488,-0.15557035209843767,-2.0743940547345545,0.08188098495038612,30
75,-0.19906277452190888,-2.1560451215909824,-0.21191982210781404,-2.2291254965344303,-0.1862057269360037,-2.0829647466475345,0.07420272821467647,30,-0.21038382027957622,-2.1483162438458057,-0.22365985007674205,-2.2296102851842945,-0.1971077904824104,-2.067022202507317,0.082370954373002,30
76,-0.24051272563814813,-2.148799249830801,-0.25372719423233325,-2.2248293291764774,-0.227298257043963,-2.0727691704851243,0.07716991088200467,30,-0.2517491013912698,-2.141652402738559,-0.26476167493067904,-2.2228686547331455,-0.23873652785186064,-2.0604361507439726,0.0822520921203023,30
77,-0.28197777108437955,-2.141634014467443,-0.2955964862477233,-2.220441587521511,-0.2683590559210358,-2.062826441413375,0.07997563987473057,30,-0.293120780245909,-2.13506002049705,-0.306085828198259,-2.215779472374208,-0.28015573229355895,-2.054340568619892,0.08175403586218612,30
78,-0.32344380767320435,-2.134467952207304,-0.3376759860598101,-2.2158475649159133,-0.3092116292865986,-2.0530883394986947,0.08261474605802153,30,-0.33447269155565723,-2.128365452835777,-0.34777386832744694,-2.2083672260618594,-0.3211715147838675,-2.0483636796096945,0.08109996931461766,30
79,-0.36488122562028125,-2.127135337040142,-0.3802000888106727,-2.2109242798157087,-0.3495623624298898,-2.0433463942645753,0.08517778173263928,30,-0.37576476912208817,-2.121319546244543,-0.39014950184898584,-2.200523441310263,-0.3613800363951905,-2.042115651178823,0.08049954986958538,30
80,-0.4062314733687902,-2.1193321492883017,-0.42321568135953225,-2.205187364895913,-0.3892472653780481,-2.0334769336806904,0.08751903431883946,30,-0.4168913365298644,-2.113396868542248,-0.43293022273559556,-2.191162373419754,-0.4008524503241332,-2.0356313636647423,0.0794022645745937,30
81,-0.4474353433537242,-2.110804164889982,-0.46649215003608646,-2.1979915189532235,-0.42837853667136194,-2.0236168108267405,0.08924570908160218,30,-0.45778971610916636,-2.1044021637517636,-0.47545730952479387,-2.1796816656681424,-0.44012212269353884,-2.029122661835385,0.07732494594810894,30
82,-0.4884365991353536,-2.101364323485303,-0.5102307674435126,-2.189069597722416,-0.4666424308271946,-2.0136590492481905,0.09037256719409675,30,-0.4984097721773958,-2.094265039289467,-0.5181531754865325,-2.166580080595821,-0.4786663688682591,-2.021949997983113,0.074961771412947,30
83,-0.5290676092160074,-2.0905190981473694,-0.5548874619596774,-2.1779345776666816,-0.5032477564723373,-2.003103618628057,0.09114894873390546,30,-0.5385163811221114,-2.0823622246691027,-0.5613538596706826,-2.151365280128493,-0.5156789025735402,-2.0133591692097124,0.07268405663684557,30
84,-0.5690156292181588,-2.0775637483193665,-0.6003842571300334,-2.163369028262114,-0.5376470013062843,-1.9917584683766194,0.09135938311485499,30,-0.577759197413068,-2.0680032921161464,-0.6041239534275461,-2.1324345872630497,-0.55139444139859,-2.003571996969243,0.06961675196395117,30
85,-0.6078358238851657,-2.0617230751183886,-0.6453626304555603,-2.143093558134096,-0.570309017314771,-1.980352592102681,0.08960701265850443,30,-0.6157565136792692,-2.050756197741468,-0.6451891962163181,-2.108910998581004,-0.5863238311422203,-1.992601396901932,0.06517870558712245,30
86,-0.6450417580539018,-2.0425016751279848,-0.6879521392733132,-2.1166391319286957,-0.6021313768344905,-1.968364218327274,0.08566016178640143,30,-0.6521221183248094,-2.030367530113244,-0.6838080916187559,-2.081338663211805,-0.6204361450308629,-1.9793963970146826,0.06001714182578132,30
87,-0.6802127915777344,-2.0198316560002274,-0.7266575779615422,-2.0847351626439314,-0.6337680051939266,-1.9549281493565234,0.0798096695700895,30,-0.6864771983406317,-2.0067930054542478,-0.719258107944414,-2.050153675426772,-0.6536962887368494,-1.9634323354817234,0.05435748094712935,30
88,-0.7130097292730894,-1.993863965588724,-0.7606507129007346,-2.048461094309024,-0.6653687456454441,-1.939266836868424,0.07246040149978861,30,-0.7185165131479813,-1.9801729953822227,-0.7512926486194935,-2.0161332041628404,-0.685740377676469,-1.9442127866016052,0.048656054833828455,30
89,-0.7431879938390326,-1.9648800376605868,-0.7900288205575547,-2.009391384092561,-0.6963471671205104,-1.9203686912286129,0.06461673938587302,30,-0.7479896983570867,-1.9507270897630846,-0.7798061871600006,-1.9798511373208123,-0.7161732095541729,-1.921603042205357,0.04313350328793996,30
90,-0.7706035412669671,-1.9332560086538044,-0.8152184333270592,-1.9686457241408841,-0.7259886492068749,-1.8978662931667247,0.056946646571945946,30,-0.7747307349187246,-1.9187619173379278,-0.8046272718135957,-1.941683013271363,-0.7448341980238534,-1.8958408214044926,0.03767199964291953,30
91,-0.7951684905558445,-1.899349580059219,-0.8364024590449728,-1.9266866996373735,-0.7539345220667162,-1.8720124604810646,0.049472803278091435,30,-0.7986651868890497,-1.8846298308466172,-0.8276068675802324,-1.903219070769788,-0.7697235061978671,-1.8660405909234463,0.0343973941186186,30
92,-0.8168474775797419,-1.8635039264242639,-0.854040733215828,-1.884065930619778,-0.7796542219436557,-1.8429419222287498,0.04249863858228393,30,-0.8197622255972361,-1.8486521640800255,-0.8479591383382559,-1.8637869311366064,-0.7915653128562163,-1.8335173970234446,0.03200198528187969,30
93,-0.8356857200827186,-1.8260606311255463,-0.8680911934915101,-1.840924910205265,-0.8032802466739271,-1.8111963520458276,0.035651949447507936,30,-0.8380968261849809,-1.8111664938619036,-0.8646411861089195,-1.823029873935015,-0.8115524662610424,-1.7993031137887923,0.029074779973899897,30
94,-0.8517858134981331,-1.7873351926781615,-0.8815513890788236,-1.798583599497222,-0.8220202379174426,-1.7760867858591012,0.03182005885627619,30,-0.8538040324227102,-1.7724834864124663,-0.8805295957586301,-1.7823219992689772,-0.8270784690867903,-1.7626449735559555,0.02847897594454541,30
95,-0.8653295790399534,-1.7476169423002337,-0.8969381146720101,-1.7573885515918417,-0.8337210434078968,-1.7378453330086256,0.033084495960356404,30,-0.866930696908876,-1.7328415021187433,-0.8934093242530888,-1.7407188946404495,-0.8404520695646632,-1.7249641095970372,0.027625550111712326,30
96,-0.87657107153771,-1.7071615295164035,-0.9094706088484975,-1.715416525788862,-0.8436715342269224,-1.698906533243945,0.03391938264064087,30,-0.8776107902077422,-1.692460780177274,-0.9030111640721131,-1.6984413908514877,-0.8522104163433714,-1.6864801695030602,0.02609495538387321,30
97,-0.8857656623396948,-1.6661707898350475,-0.9195722479813502,-1.6729867193061765,-0.8519590766980394,-1.6593548603639185,0.03448683991469767,30,-0.8860738240920746,-1.6515383352894846,-0.9100053371180947,-1.6559246790552338,-0.8621423110660544,-1.6471519915237354,0.024330173187749757,30
98,-0.8931755774570772,-1.6248042143801193,-0.927595867892817,-1.6303089566032174,-0.8587552870213374,-1.6192994721570213,0.0348576904086235,30,-0.8926787552547687,-1.6102512633094284,-0.9151334066795067,-1.6134030399215402,-0.8702241038300307,-1.6070994866973165,0.022674767174529962,30
99,-0.8990381800957905,-1.583179816331984,-0.9339268913399299,-1.5874682588248927,-0.8641494688516511,-1.578891373839075,0.035151286054594416,30,-0.8976990509451729,-1.5687150743652538,-0.918977637694574,-1.570942615158894,-0.8764204641957718,-1.5664875335716135,0.021394863683583502,30
100,-0.9034308086860532,-1.541372571847603,-0.9386775366915868,-1.5445225588318803,-0.8681840806805196,-1.5382225848633257,0.035387204652207085,30,-0.9013913071723462,-1.5270245981385213,-0.9218791086386823,-1.5285646964666812,-0.8809035057060101,-1.5254844998103614,0.02054560565630528,30
101,-0.9065218590445903,-1.4994413127427073,-0.9421367800349867,-1.5016234538911934,-0.8709069380541938,-1.4972591715942212,0.03568170871951195,30,-0.9039740404375881,-1.4852394049399507,-0.9258082099265965,-1.486337182451717,-0.8821398709485797,-1.4841416274281842,0.021861749077786215,30
102,-0.9085740425332659,-1.457429391897634,-0.9446035147664946,-1.458832283946416,-0.8725445703000372,-1.456026499848852,0.036056774335837864,30,-0.905596219351074,-1.4433912897379886,-0.9285356952343577,-1.444108320912041,-0.8826567434677903,-1.442674258563936,0.02295067945626699,30
103,-0.9097952019693497,-1.4153743896178348,-0.9464484362679646,-1.4161906349138766,-0.8731419676707348,-1.414558144321793,0.03666232181589804,30,-0.9065911969564289,-1.4015105504364487,-0.9300590463205105,-1.401976966106715,-0.8831233475923472,-1.4010441347661824,0.02347248383432606,30
104,-0.9104475167482102,-1.3733016306893893,-0.9482096821107828,-1.3737422918137707,-0.8726853513856376,-1.3728609695650078,0.03776473639649582,30,-0.907261204280298,-1.3596170557158331,-0.9301989104791071,-1.359904627151837,-0.8843234980814889,-1.3593294842798294,0.02293950877838696,30
105,-0.9107772269874782,-1.3312204012740747,-0.9493000212226944,-1.3314168883196311,-0.872254432752262,-1.3310239142285183,0.03852329532695615,30,-0.9076417357890473,-1.3177158890893128,-0.9306883625014523,-1.317868725964544,-0.8845951090766423,-1.3175630522140815,0.02304713348621405,30
106,-0.9108768055226253,-1.2891362696730748,-0.9498203357306273,-1.2891610926460335,-0.8719332753146233,-1.2891114467001161,0.038943538119199546,30,-0.9078169703857827,-1.2758117963298092,-0.9313588040252598,-1.27587504363317,-0.8842751367463055,-1.2757485490264484,0.023541918599175444,30
107,-0.9108308772565483,-1.247051157015251,-0.9499987780058167,-1.2469705656532835,-0.87166297650728,-1.2471317483772184,0.03916798366104844,30,-0.9078668919981684,-1.2339085212433571,-0.9325022519825846,-1.2338866444256118,-0.8832315320137522,-1.2339303980611025,0.024635369697995842,30
108,-0.9107036206336315,-1.2049673416666158,-0.9497479112999432,-1.2048400560080572,-0.8716593299673199,-1.2050946273251744,0.03904449814345554,30,-0.9077425476086571,-1.1920047304728607,-0.9339193828470549,-1.1918738551517531,-0.8815657123702594,-1.1921356057939683,0.026177162402519792,30
109,-0.9105564971738596,-1.1628863278988544,-0.9485493004756401,-1.1627465601780083,-0.872563693872079,-1.1630260956197005,0.0379930603892813,30,-0.9074478795059923,-1.1501003526925584,-0.9348271122276413,-1.1498802577752902,-0.8800686467843433,-1.1503204476098265,0.02738011735180881,30
110,-0.9103940141295631,-1.1208075733108882,-0.946620670554727,-1.1206594452662177,-0.8741673577043992,-1.1209557013555587,0.03622695926605602,30,-0.907068829363501,-1.1081959408292594,-0.9353279468324461,-1.1079098471493547,-0.8788097118945558,-1.1084820345091642,0.02826056562981925,30
111,-0.9102123772447965,-1.0787272851804275,-0.9442415143698568,-1.0785525617255385,-0.8761832401197363,-1.0789020086353165,0.034029585683076506,30,-0.906599415808173,-1.066292715582941,-0.9354407966437472,-1.0659905764196747,-0.8777580349725989,-1.0665948547462072,0.0288429633806342,30
112,-0.9099618708355905,-1.0366433526708891,-0.9416031396152843,-1.0364079048565837,-0.8783206020558968,-1.0368788004851945,0.03164214477025986,30,-0.9061908982272153,-1.0243910279695725,-0.9351105437274124,-1.0241310734519549,-0.8772712527270182,-1.02465098248719,0.02892081382340927,30
113,-0.9095860481402985,-0.9945564144572026,-0.9387680849589511,-0.9942167361430942,-0.8804040113216459,-0.9948960927713109,0.02918401367602261,30,-0.9058461107288214,-0.9824883791628488,-0.9340770047322715,-0.9821969048866536,-0.8776152167253712,-0.9827798534390441,0.028232398649206607,30
114,-0.9089821166379345,-0.9524718825424958,-0.9371405928665565,-0.9519555695266849,-0.8808236404093125,-0.9529881955583067,0.028163209381179687,30,-0.9053256889924526,-0.9405907334247743,-0.9318870828214275,-0.9401075674852102,-0.8787642951634776,-0.9410738993643384,0.026565787988747137,30
115,-0.9080429507823876,-0.9103995775373626,-0.9347948252457641,-0.9096237351524636,-0.8812910763190112,-0.9111754199222615,0.026763122364747684,30,-0.9043221323345316,-0.898709728800832,-0.9269778406945662,-0.8979382997310082,-0.881666423974497,-0.8994811578706557,0.0226688381728026,30
116,-0.9065426994042751,-0.8683581696687708,-0.9311638410822209,-0.8671849215537827,-0.8819215577263293,-0.8695314177837589,0.024649079671760624,30,-0.9024749336256939,-0.8568683476325929,-0.9228888368897742,-0.855587392275415,-0.8820610303616135,-0.8581493029897708,0.020454053219406486,30
117,-0.9040395418402952,-0.8263862324496453,-0.926268682427544,-0.8246842382283851,-0.8818104012530464,-0.8280882266709054,0.022294202734721724,30,-0.8990783025738449,-0.8151416068767389,-0.9177423610956457,-0.8130979024886728,-0.8804142440520442,-0.817185311264805,0.018775617383484433,30
118,-0.9001257798859811,-0.7845490683642964,-0.9197396972534163,-0.7823061116061826,-0.8805118625185459,-0.7867920251224102,0.019741747883998146,30,-0.8933675635443381,-0.773695610337174,-0.9096667571147222,-0.7709971281430487,-0.877068369973954,-0.7763940925312994,0.016521062834965045,30
119,-0.8944949472896527,-0.7429218998695541,-0.9116418607447453,-0.7402610848141814,-0.8773480338345602,-0.7455827149249269,0.0173521346754609,30,-0.8854178369397075,-0.7326305663677061,-0.9010070691125226,-0.7292505610142169,-0.8698286047668925,-0.7360105717211952,0.015951444947952115,30
120,-0.8872448025984834,-0.7015410433158213,-0.9057453929531765,-0.6980144544800486,-0.8687442122437903,-0.7050676321515941,0.018833711059925533,30,-0.8756423496158966,-0.6919435282116096,-0.8889280609062986,-0.6885823601640564,-0.8623566383254946,-0.6953046962591629,0.013704290391545523,30
121,-0.8787597260844585,-0.6603744594918065,-0.898349797475045,-0.6561395350134733,-0.8591696546938721,-0.6646093839701397,0.02004259170929391,30,-0.8648878924554049,-0.6514817182983638,-0.8781448512671985,-0.6479477643430189,-0.8516309336436112,-0.6550156722537086,0.013719904791801286,30
122,-0.8694772822907401,-0.6193513860874164,-0.8896188994224491,-0.6147369416209104,-0.849335665159031,-0.6239658305539223,0.020663442075676115,30,-0.8540754061804219,-0.6110392254297482,-0.8673012382553369,-0.6076802647050327,-0.8408495741055069,-0.6143981861544637,0.013645704497167985,30
123,-0.8599708770389458,-0.578362896330283,-0.8803326136877329,-0.5737678650757937,-0.8396091403901588,-0.5829579275847724,0.02087377856508718,30,-0.8442839096186667,-0.5703540007076173,-0.8580104377686375,-0.5673573315067697,-0.830557381468696,-0.573350669908465,0.014049825669781423,30
124,-0.8509517650022098,-0.5372601698539962,-0.871640319073453,-0.5329765963411086,-0.8302632109309667,-0.5415437433668837,0.021127358367743588,30,-0.8362289775671261,-0.5292919626128992,-0.8514617593665571,-0.5266785456090719,-0.8209961957676951,-0.5319053796167266,0.015455341788034649,30
125,-0.8429091758426065,-0.49595928479288787,-0.8639218520052321,-0.4921977507487424,-0.8218964996799809,-0.49972081883703334,0.021346702271794603,30,-0.8301354735840211,-0.4878872383794697,-0.8486091554135556,-0.48558011770361353,-0.8116617917544865,-0.4901943590553258,0.018617188997048867,30
126,-0.8361263704019116,-0.45444257148503725,-0.8563979997475458,-0.4514883392498694,-0.8158547410562774,-0.4573968037202051,0.020485761992810526,30,-0.825857068292882,-0.44624153794186133,-0.8472946219375225,-0.44444447130117926,-0.8044195146482415,-0.4480386045825434,0.021512744008561284,30
127,-0.8307792970304675,-0.41272533847005477,-0.8489953015617145,-0.41071775424693363,-0.8125632924992204,-0.4147329226931759,0.01832629846683004,30,-0.8231412838058801,-0.4044522030973143,-0.8471055007037034,-0.40325153723639656,-0.7991770669080569,-0.405652868958232,0.02399427619319851,30
128,-0.8269137452469602,-0.37085094945765607,-0.842449687298805,-0.36968053948737817,-0.8113778031951153,-0.37202135942793396,0.015579966461350467,30,-0.8216660606162814,-0.3625927724928857,-0.8472146641822802,-0.3620135845860881,-0.7961174570502827,-0.36317196039968325,0.025555167829696256,30
129,-0.8244620444111075,-0.328870558424102,-0.8393948781614239,-0.3282358826307384,-0.8095292106607911,-0.32950523421746564,0.014946315170545172,30,-0.8212426933496602,-0.32070332931928125,-0.8474244291703468,-0.3207345364578347,-0.7950609575289735,-0.3206721221807278,0.026181754419246268,30
130,-0.8233426591999286,-0.2868294146740789,-0.8376466177796675,-0.2866645558888511,-0.8090387006201896,-0.2869942734593067,0.014304908579573434,30,-0.8217659209954602,-0.2788132852407151,-0.8498620780242948,-0.2794547313200285,-0.7936697639666256,-0.27817183916140165,0.028103478305391304,30
131,-0.8234927457143371,-0.24476943884568708,-0.8398236033125708,-0.2450654453227298,-0.8071618881161033,-0.24447343236864436,0.016333540024386566,30,-0.8231549738427018,-0.2369430028500939,-0.8528603848515057,-0.23822183408467607,-0.7934495628338978,-0.23566417161551173,0.029732925394728854,30
132,-0.8248671015271045,-0.20272500314042127,-0.8457832237584677,-0.20367243036994556,-0.8039509792957413,-0.20177757591089698,0.020937568807112526,30,-0.8253695682479648,-0.19510574051424354,-0.8561277796596857,-0.19698800919314907,-0.794611356836244,-0.193223471835338,0.030815750917796904,30
133,-0.8273000186717001,-0.16071719286542985,-0.8526673847217843,-0.16242785576782476,-0.801932652621616,-0.15900652996303494,0.025424980391036488,30,-0.8282731073148208,-0.15330742354460372,-0.8595825530100535,-0.15567394172791316,-0.7969636616195882,-0.1509409053612943,0.031398754721400274,30
134,-0.8305298846041057,-0.11875177207578459,-0.8588101636312747,-0.12111162786987516,-0.8022496055769367,-0.11639191628169403,0.028378567638685282,30,-0.8316856687626196,-0.11154263609191888,-0.8630140121485429,-0.11418175596970888,-0.8003573253766963,-0.10890351621412887,0.031439307451591014,30
135,-0.8343001725159815,-0.07682803978873497,-0.8630607854968686,-0.07949213896525138,-0.8055395595350945,-0.07416394061221855,0.028883737352681377,30,-0.8353086947739666,-0.06978969413157374,-0.8663839224906821,-0.07247662625494941,-0.8042334670572512,-0.06710276200819806,0.031191174743528793,30
136,-0.8382942853877061,-0.03493022071085886,-0.8658402748201409,-0.03754452157608944,-0.8107482959552713,-0.03231591984562829,0.02766976875266132,30,-0.8389062698301235,-0.028034079819814702,-0.8695981683521417,-0.03066027674523202,-0.8082143713081054,-0.025407882894397386,0.030804050791688648,30
137,-0.8422529117216386,0.0069672391064578894,-0.868012058223483,0.004531380427955637,-0.8164937652197942,0.009403097784960141,0.025874061065188737,30,-0.8424544156000312,0.013721080074894252,-0.8731761525031209,0.01096189983255428,-0.8117326786969415,0.016480260317234225,0.03084539177822811,30
138,-0.8462029181200798,0.048703378799830374,-0.8724914612762296,0.04515653166906901,-0.8199143749639299,0.05225022593059174,0.026526734172184496,30,-0.8462833323424473,0.05410487222960122,-0.8789080245296743,0.05015562322391711,-0.8136586401552204,0.058054121235285326,0.032862853010963734,30
139,-0.8522953658758647,0.08139996194285434,-0.885325074743501,0.07139866328943247,-0.8192656570082285,0.09140126059627622,0.03451068881717294,30,-0.8513857594253597,0.08750278963543301,-0.9043836761672035,0.07464030221417509,-0.7983878426835158,0.10036527705669093,0.054536435175370865,30
140,-0.8614365342676327,0.09901303595448815,-0.893394508638131,0.03609923362780276,-0.8294785598971344,0.16192683828117355,0.070565279345204,30,-0.8589829071686722,0.10643153248232379,-0.9222267479277562,0.011169015383173497,-0.7957390664095882,0.20169404958147408,0.11434478806673382,30
141,-0.8736424191968649,0.092243505929844,-0.8318286205485378,0.06559681413621862,-0.915456217845192,0.11889019772346937,0.049582657663212334,30,-0.8705177672337133,0.10020433996265886,-0.8258769338086382,0.06954607938425694,-0.9151586006587884,0.13086260054106078,0.05415471309663167,30
142,-0.8853776690258267,0.06144477810301723,-0.8381025647512317,0.04870243413461213,-0.9326527733004217,0.07418712207142233,0.04896225907760984,30,-0.8817332446789331,0.07330525564862575,-0.8526261729173307,0.06480161856107795,-0.9108403164405355,0.08180889273617355,0.030323810285842946,30
143,-0.8922573469196499,0.023180651298016226,-0.8128944907961962,0.014318307788173664,-0.9716202030431035,0.032042994807858785,0.07985614606627622,30,-0.889166678258334,0.03637104300032294,-0.8303724047923697,0.02830202462317301,-0.9479609517242982,0.044440061377472875,0.05934539282843587,30
144,-0.8942629131997718,-0.018123154940359664,-0.7957277653362673,-0.017682558527983085,-0.9927980610632763,-0.018563751352736243,0.09853613291418176,30,-0.8923927735082452,-0.004364570309840909,-0.8050526805392185,-0.005819006130631676,-0.9797328664772719,-0.0029101344890501415,0.08735220216683162,30
145,-0.8918865172030497,-0.05975184640500645,-0.7849574403774596,-0.04746571375031751,-0.9988155940286397,-0.07203797905969539,0.10763259973809766,30,-0.8905271363013376,-0.04532560545804434,-0.7857123514703799,-0.03350457190264735,-0.9953419211322954,-0.057146639013441324,0.10547926788463122,30
146,-0.8847522183957839,-0.10089694909862494,-0.7732449758478714,-0.07388953415780167,-0.9962594609436963,-0.12790436403944822,0.11473127560706699,30,-0.8832320355007826,-0.0855910365613131,-0.7730540214423519,-0.057173617635076945,-0.9934100495592132,-0.11400845548754926,0.11378376193591484,30
147,-0.8722951575447699,-0.1406399468783719,-0.7603512624250499,-0.09649006412397235,-0.98423905266449,-0.18478982963277144,0.12033556332939194,30,-0.8701543771192933,-0.12431343167107033,-0.7628682089319377,-0.07860363060788783,-0.9774405453066489,-0.17002323273425282,0.11661778508255621,30
148,-0.8543069904074145,-0.17809211239690934,-0.7486088162164275,-0.11748940085449805,-0.9600051645984016,-0.23869482393932062,0.12183920827714266,30,-0.8512776591852219,-0.1605916384448034,-0.7533328204867444,-0.09991763744452736,-0.9492224978836994,-0.22126563944507943,0.11521512845565147,30
149,-0.8310871969723862,-0.21251142067516696,-0.7364900588213404,-0.13847445737192338,-0.925684335123432,-0.28654838397841054,0.12012531157726032,30,-0.8271645180924255,-0.19371111006115535,-0.7429264691876796,-0.12279358836377248,-0.9114025669971715,-0.26462863175853824,0.11011513868209558,30
150,-0.8032524935143891,-0.24332451902655938,-0.7228313903381958,-0.160176044253053,-0.8836735966905824,-0.3264729938000658,0.11567723498267218,30,-0.7985731683127743,-0.22319568006033022,-0.7299797094123804,-0.14755195174875618,-0.8671666272131681,-0.29883940837190426,0.10211286029093126,30
151,-0.7714998729082322,-0.27014420768190467,-0.7065025128233333,-0.1824828312244577,-0.8364972329931311,-0.35780558413935165,0.10912916081607264,30,-0.7663395403562646,-0.24886697960367163,-0.7130141508996385,-0.17352036140522956,-0.8196649298128907,-0.3242135978021137,0.09230769217482722,30
152,-0.7365512156996423,-0.292780814917059,-0.6862811771507962,-0.204382128467198,-0.7868212542484885,-0.38117950136691997,0.10169269659991967,30,-0.7313137525466006,-0.27079747860303527,-0.6916128056002355,-0.19959843379348446,-0.7710146994929656,-0.3419965234125861,0.08151974711829349,30
153,-0.6991549975441377,-0.31128486055152904,-0.661775031234767,-0.2250579482983358,-0.7365349638535084,-0.3975117728047223,0.09398054201806653,30,-0.6941489471209302,-0.28912081895964814,-0.6656526161030475,-0.2242355401196901,-0.722645278138813,-0.3540060977996062,0.0708670606955012,30
154,-0.6600107652078662,-0.32596163266784994,-0.6333224404105321,-0.24434455081741013,-0.6866990900052002,-0.40757871451828975,0.08586975445562532,30,-0.6554146848236732,-0.3041308478425507,-0.6356221787909444,-0.24645019497125473,-0.6752071908564019,-0.36181150071384666,0.06098197283390025,30
155,-0.6196902066387964,-0.3372693983658096,-0.6014123823029612,-0.2618956589691416,-0.6379680309746315,-0.41264313776247763,0.07755823265836109,30,-0.6155414420660895,-0.31609415300784743,-0.6011332382645675,-0.2613683366838872,-0.6299496458676115,-0.37081996933180766,0.05659073518792648,30
156,-0.5786199661973873,-0.3456985694149812,-0.5666261142415651,-0.2774841591252808,-0.5906138181532096,-0.41391297970468166,0.06926079883967388,30,-0.5748900818661096,-0.3253313518895089,-0.5640237929667221,-0.2701497808208866,-0.585756370765497,-0.3805129229581312,0.05624128394734927,30
157,-0.5370957111524228,-0.3517916400303244,-0.5295518649972115,-0.29089369991787917,-0.5446395573076341,-0.4126895801427697,0.06136341519792119,30,-0.5337217663097286,-0.33220598558537945,-0.5260993296717399,-0.2783036413419466,-0.5413442029477172,-0.3861083298288123,0.05443862833721745,30
158,-0.4953055977618702,-0.35601929252705394,-0.49083133650438826,-0.3021450979340856,-0.4997798590193522,-0.40989348712002227,0.05405966941113515,30,-0.4922170606641447,-0.33702230660823335,-0.487386737126009,-0.28509092960071103,-0.49704738420228045,-0.38895368361575566,0.0521555360760532,30
159,-0.45336545036665604,-0.3587454527925019,-0.45093808475227737,-0.31133753170212397,-0.4557928159810347,-0.40615337388287986,0.04747002302440318,30,-0.4504947955207621,-0.3399472244890089,-0.44781607810354174,-0.2901797254756312,-0.45317351293798247,-0.38971472350238656,0.04983953736791574,30
160,-0.4113487010861844,-0.36031802740918456,-0.4102153645061506,-0.31864628774114767,-0.41248203766621816,-0.40198976707722145,0.04168714836450538,30,-0.40866478167873216,-0.34151947744067795,-0.4073526890041147,-0.2932553667916977,-0.4099768743533496,-0.3897835880896582,0.04828194242078288,30
161,-0.36929480732267395,-0.3610319024542565,-0.36894707535333265,-0.3224478872395104,-0.36964253929201524,-0.39961591766900256,0.038585582120971816,30,-0.36678834281703804,-0.34222284133833936,-0.3663371255753739,-0.29482589575665036,-0.3672395600587022,-0.38961978692002835,0.04739909331910014,30
162,-0.32722439302625755,-0.3610761836339409,-0.3274237992130379,-0.31958425345514985,-0.3270249868394772,-0.40256811381273194,0.04149240933940806,30,-0.3248920844719128,-0.34231699054825315,-0.32498874364765606,-0.295147410845709,-0.32479542529616956,-0.3894865702507973,0.047169678738686806,30
163,-0.2851483125135958,-0.360627502572436,-0.28581348650328137,-0.31674420922443125,-0.2844831385239102,-0.4045107959204407,0.04388833434414652,30,-0.28298633185287353,-0.34205111554903816,-0.28339671846850384,-0.295871223765648,-0.2825759452372432,-0.3882310073324283,0.046181715237742275,30
164,-0.24307176986872267,-0.35980061537509805,-0.2441215581876271,-0.314311352936353,-0.24202198154981824,-0.4052898778138431,0.04550137418513347,30,-0.24107969300758295,-0.341572175384063,-0.24164569525680812,-0.2973975145119734,-0.24051369075835777,-0.3857468362561526,0.044178286767486294,30
165,-0.20099800708811308,-0.35868550564982443,-0.20233227908138093,-0.3121788133864907,-0.19966373509484522,-0.40519219791315814,0.04652582838626781,30,-0.1991761448018127,-0.34097727019420365,-0.1998097047347758,-0.29958390015567454,-0.1985425848688496,-0.38237064023273276,0.04139821833527689,30
166,-0.15892734235190192,-0.3573865208101796,-0.16044770313154183,-0.3103396522211521,-0.15740698157226202,-0.40443338939920703,0.04707142807408209,30,-0.15727374440621536,-0.3402894556845466,-0.15794096493870288,-0.30099796647476706,-0.15660652387372784,-0.37958094489432614,0.039297153937164424,30
167,-0.11685845649688628,-0.3559664623516853,-0.11847745639184545,-0.30923949042454346,-0.11523945660192711,-0.4026934342788271,0.046755011133992636,30,-0.11537275439142365,-0.33955417975150387,-0.11600093261345891,-0.30153374062490046,-0.1147445761693884,-0.3775746188781073,0.03802562819018764,30
168,-0.0747907503678704,-0.35447134937992375,-0.07638977940753759,-0.30897351645796794,-0.07319172132820322,-0.39996918230187956,0.0455259233235736,30,-0.07347304584875566,-0.3389048905655103,-0.07400329607360245,-0.30178684147401996,-0.07294279562390887,-0.3760229396570007,0.03712183634546166,30
169,-0.0327214422566962,-0.35300945274395884,-0.03418637449181312,-0.30907914567177125,-0.03125651002157929,-0.39693975981614643,0.04395472563798093,30,-0.03157428404251048,-0.3383570759480468,-0.03203550576223965,-0.3010743710677782,-0.031113062322781316,-0.37563978082831545,0.037285557641853186,30
170,0.009351473644657592,-0.35166548107383994,0.008087645434438226,-0.3095534328200601,0.010615301854876958,-0.3937775293276198,0.042131008412731236,30,0.010324405121227476,-0.3378682381936018,0.009910627399864782,-0.2995668567494616,0.01073818284259017,-0.376169619637742,0.03830361644195264,30
171,0.05142911691087389,-0.35048400325879486,0.05037925018586358,-0.3105174307313222,0.05247898363588419,-0.3904505757862675,0.039980359424772766,30,0.05222538832196655,-0.3374517708082705,0.05186033618932203,-0.2976640509544443,0.052590440454611066,-0.37723949066209667,0.039789394494338604,30
172,0.09351206525638432,-0.34945469843468324,0.09262606368515063,-0.31018133054022146,0.09439806682761802,-0.38872806632914503,0.03928336065763684,30,0.094131074881858,-0.3370993124135282,0.09384985180184473,-0.2955837445493682,0.09441229796187127,-0.3786148802776882,0.041516520344369034,30
173,0.13560117215091017,-0.3485850937128387,0.13484078831333857,-0.30964608528095033,0.13636155598848176,-0.38752410214472705,0.03894643194490494,30,0.13603596862393086,-0.3368840447540988,0.13589882018964664,-0.2933688186389377,0.13617311705821508,-0.38039927086925984,0.04351544224234225,30
174,0.1776937103217884,-0.3478108362793362,0.17701524115074757,-0.30924592039766413,0.17837217949282924,-0.3863757521610082,0.03857088354415146,30,0.17793502801144773,-0.33683518461310874,0.17800125623481963,-0.2915745726545054,0.17786879978807582,-0.38209579657171205,0.04526066041326437,30
175,0.21978623312905615,-0.3471040333441057,0.21921263665029644,-0.3089335743537478,0.22035982960781586,-0.38527449233446365,0.038174768531780805,30,0.21983046945016788,-0.3370066582292134,0.22016423370748492,-0.2905866087342594,0.21949670519285083,-0.38342670772416737,0.04642124937669644,30
176,0.26187708044536795,-0.34654579294608184,0.2615095520284833,-0.3084701481347472,0.2622446088622526,-0.3846214377574165,0.03807741856975249,30,0.2617281984736279,-0.33743766491228616,0.26239636759586643,-0.2899138836738015,0.26106002935138933,-0.3849614461507708,0.047528478128162924,30
177,0.3039653091975806,-0.3462914876153183,0.303825033844386,-0.307614333694366,0.30410558455077513,-0.3849686415362706,0.03867740829734781,30,0.3036100097169819,-0.3381845716953307,0.3044825247387615,-0.2875860383202648,0.3027374946952023,-0.38878310507039665,0.050606055587952024,30
178,0.3460465030282081,-0.3462405249962963,0.3458095293601774,-0.30650968131436906,0.3462834766962388,-0.38597136867822357,0.03973155038753305,30,0.3454554916415367,-0.3388814482820615,0.3457700472145354,-0.28316185410725836,0.345140936068538,-0.39460104245686467,0.05572048205295123,30
179,0.3881078951808402,-0.3457896211712611,0.38705186178843964,-0.30481374940204947,0.3891639285732408,-0.38676549294047274,0.04098947759819269,30,0.38721854146490187,-0.338656569562527,0.3852323884473708,-0.2785210983284287,0.38920469448243294,-0.3987920407966253,0.06016826160324155,30
180,0.43009736288452133,-0.34407435962053146,0.42727459455561195,-0.30154660246496695,0.4329201312134307,-0.38660211677609596,0.04262133444322647,30,0.42876816179668803,-0.3361297992497779,0.4225468650061927,-0.27422081183614677,0.43498945858718335,-0.3980387866634091,0.06222079440457642,30
181,0.4718696016088638,-0.3402299606602319,0.46613596969614657,-0.29665567827110206,0.47760323352158107,-0.3838042430493618,0.043949887606661305,30,0.46985699210338716,-0.33035214803655777,0.4582110109150666,-0.2687046315333213,0.4815029732917077,-0.39199966453979423,0.06273790854703021,30
182,0.5131049919537601,-0.333151972264151,0.5033476286940294,-0.2897542395868609,0.5228623552134909,-0.3765497049414411,0.04448111216361248,30,0.5101153586177334,-0.320762303888456,0.49256900095816303,-0.26136646350861065,0.5276617162773037,-0.38015814426830136,0.061933355484307756,30
183,0.5533102820975526,-0.32191918139540554,0.538932255981769,-0.27998482745577163,0.5676883082133363,-0.36385353533503945,0.0443307757130489,30,0.5490786475352691,-0.30694896876168837,0.5260660454021847,-0.2518018284508246,0.5720912496683536,-0.36209610907255213,0.05975606196363456,30
184,0.5919076105027075,-0.3061329293782171,0.5729699033649557,-0.2667454251734933,0.6108453176404592,-0.34552043358294093,0.04370368679084627,30,0.5863112662074623,-0.28896616549129833,0.55892342459883,-0.2392052133314289,0.6136991078160946,-0.33872711765116775,0.056800054822476576,30
185,0.6283598773428266,-0.28583496422402777,0.6056987375726169,-0.25021558269016564,0.6510210171130363,-0.3214543457578899,0.04221691126242916,30,0.6214592908502357,-0.2671115157267781,0.590914352217912,-0.22314132883074927,0.6520042294825593,-0.31108170262280693,0.05353849653963137,30
186,0.6622262307238198,-0.2613960470220754,0.6374737123682593,-0.23081889039174575,0.6869787490793803,-0.2919732036524051,0.03934017885747434,30,0.6542403342776251,-0.24177761884126242,0.6218710903785616,-0.2039088862545687,0.6866095781766886,-0.27964635142795613,0.04981775645610287,30
187,0.6932035345389894,-0.23334336618584925,0.6670356478923345,-0.2073117859871834,0.7193714211856443,-0.2593749463845151,0.03691072282131238,30,0.6843885576791137,-0.2133211549928952,0.6515319755525164,-0.18164415161827008,0.7172451398057109,-0.2449981583675203,0.04563975823597054,30
188,0.7211070070653708,-0.20220695941333658,0.6956931435183681,-0.1816121889651111,0.7465208706123735,-0.22280172986156205,0.0327109924979474,30,0.711746311324241,-0.18213025146698927,0.6793252007630087,-0.15616310741414782,0.7441674218854734,-0.20809739551983072,0.0415381870124909,30
189,0.745804403681695,-0.16843410612844253,0.7222223127448744,-0.15282115532289264,0.7693864946185156,-0.18404705693399243,0.028282136514220343,30,0.7362327152294033,-0.14859146579521237,0.7046330654638301,-0.12749931848536475,0.7678323649949764,-0.16968361310506,0.037992322164447936,30
190,0.7672755443451109,-0.1324731430380357,0.7452811728955903,-0.12058246574061236,0.7892699157946316,-0.14436382033545903,0.02500281148293021,30,0.7578368706747852,-0.1130786982239221,0.727354206785019,-0.09612800450780451,0.7883195345645514,-0.13002939194003968,0.03487862977919409,30
191,0.7856261276711493,-0.09477524151741337,0.7653926130815558,-0.08586449173121029,0.8058596422607427,-0.10368599130361646,0.02210874429721432,30,0.7766275567297783,-0.0759488709281073,0.7474544034366845,-0.062499500292308816,0.8058007100228722,-0.08939824156390579,0.03212411000419209,30
192,0.8010628499322812,-0.055752782019755996,0.7824265004127853,-0.049079497178199705,0.819699199451777,-0.06242606686131229,0.01979510681934699,30,0.7926796025351976,-0.037501008736474106,0.7651155261435183,-0.027061517948539192,0.820243678926877,-0.04794049952440902,0.029474756576394548,30
193,0.8139149366837661,-0.015773648633744006,0.7964846934786556,-0.01071113144348244,0.8313451798888767,-0.020836165824005572,0.01815054981236098,30,0.8061423735393394,0.001981047470345025,0.7802765738839335,0.009958550888205953,0.8320081731947453,-0.005996455947515904,0.027068065180126506,30
194,0.8244853819320739,0.02489097955032144,0.8079494001233514,0.028756759787104402,0.8410213637407964,0.021025199313538474,0.016981841808752746,30,0.817268419191896,0.042224360478874186,0.7925470178611818,0.04837925698260562,0.8419898205226102,0.036069463975142754,0.025476075732456967,30
195,0.8330427983717019,0.06604630840930913,0.8170257962200638,0.06901856223651337,0.8490598005233401,0.06307405458210488,0.016290446609559604,30,0.8263163022297673,0.08301048269657857,0.8019088109563811,0.08785054080420253,0.8507237935031534,0.07817042458895461,0.02488276095503871,30
196,0.8398236475729136,0.10754644844841772,0.8237852256205539,0.10984849059823402,0.8558620695252733,0.10524440629860142,0.016202789166728872,30,0.8335201754872102,0.12417887241546928,0.8083437915001865,0.12805074451746049,0.858696559474234,0.12030700031347806,0.025472371390120756,30
197,0.8449895580513523,0.14927987245198399,0.8280390403534288,0.1510467012493936,0.8619400757492759,0.14751304365457438,0.017042351194215356,30,0.8390217694385436,0.16562625944658665,0.8132808235928745,0.16856332953283526,0.8647627152842127,0.16268918936033805,0.025907965449282283,30
198,0.8485401525386218,0.1911704373158694,0.8301668497350052,0.19236530768078972,0.8669134553422384,0.1899755669509491,0.018412114791689478,30,0.8430007163487031,0.20726782900725435,0.8184235869329786,0.20916843649369185,0.8675778457644276,0.20536722152081685,0.02465050910498146,30
199,0.8504451405788057,0.23316936598185886,0.8309751593252359,0.23379058006200557,0.8699151218323755,0.23254815190171216,0.019479889038383515,30,0.8454724295935955,0.24904101529642966,0.8187112629422408,0.250252177906388,0.8722335962449501,0.24782985268647134,0.026788560159316816,30
200,0.8512221186911157,0.27522814363739107,0.8309450603205737,0.27549859575872,0.8714991770616578,0.27495769151606214,0.020278861913635572,30,0.8467852010815851,0.29088767145734934,0.8178566843524656,0.29165256236630244,0.8757137178107045,0.29012278054839624,0.02893862709683271,30
201,0.8515674244984025,0.31731223176589135,0.8301809572768766,0.3174875169834093,0.8729538917199284,0.3171369465483734,0.02138718553538274,30,0.8476863458869469,0.3327723210021627,0.8170221069576578,0.33345044156935116,0.8783505848162361,0.33209420043497423,0.030671736120020617,30
202,0.8519120342591354,0.3594044186821418,0.8293563810546107,0.3596250465186819,0.8744676874636601,0.3591837908456017,0.022556732212912385,30,0.848637951683317,0.3746680342377417,0.8163022735484177,0.37547357171856377,0.8809736298182164,0.3738624967569196,0.032345710242268906,30
203,0.8523908771552904,0.4014970420345301,0.8287173254553718,0.4018076094228453,0.876064428855209,0.40118647464621493,0.023675588740122273,30,0.8497736546971081,0.4165605337922519,0.8159592304313195,0.4175116319756044,0.8835880789628967,0.41560943560889935,0.0338277973888507,30
204,0.8530164260809454,0.44358865010585824,0.8283597011179445,0.44398380621065925,0.8776731510439463,0.44319349400105723,0.02465989120511754,30,0.8509945653049489,0.458452794031418,0.8165909888226823,0.4594252369015493,0.8853981417872154,0.45748035116128666,0.03441731715149846,30
205,0.8537400145857895,0.48567974896210875,0.8282924107311559,0.48613466821600915,0.8791876184404231,0.48522482970820835,0.02545166975799295,30,0.8521419925006595,0.5003487883653156,0.8178694364765211,0.5012418035060007,0.8864145485247978,0.49945577322463053,0.03428418837407698,30
206,0.8545213219895547,0.5277706111822534,0.8285329753008771,0.5282612285240659,0.8805096686782322,0.527279993840441,0.0259929773013209,30,0.8531780078457654,0.5422499811073415,0.819547078613586,0.5429937794510122,0.8868089370779447,0.5415061827636707,0.033639153333517566,30
207,0.8553292351869483,0.569861885278632,0.8291667478505347,0.5703759286457423,0.8814917225233618,0.5693478419115218,0.02616753683882518,30,0.8539954981827567,0.5841552648874582,0.8212490904992368,0.5846958839490175,0.8867419058662765,0.5836146458258988,0.0327508699906584,30
208,0.8561753679688369,0.6119540862654629,0.8303067477996884,0.6124700174779629,0.8820439881379853,0.6114381550529628,0.02587376459798045,30,0.8545616568853555,0.6260604472248995,0.8234155754879038,0.6264157938692717,0.8857077382828071,0.6257051005805273,0.03114810841213875,30
209,0.8570082541456557,0.6540473399425178,0.8318065219542199,0.6545154022582997,0.8822099863370916,0.653579277626736,0.025206078389553372,30,0.854951692559821,0.6679655621605399,0.8247896005162009,0.6681274157574698,0.885113784603441,0.66780370856361,0.030162526303919773,30
210,0.8577389700234687,0.6961426203690616,0.8335841809492992,0.696503890354397,0.8818937590976381,0.6957813503837262,0.024157490582010346,30,0.8550114024400526,0.7098724049094961,0.8251409728669019,0.7097285927260195,0.8848818320132033,0.7100162170929727,0.0298707757654312,30
211,0.8582674629799721,0.7382390110690434,0.8353103300817902,0.7384332622815039,0.881224595878154,0.738044759856583,0.02295795470938837,30,0.8545481859165095,0.7517756850580656,0.8245037986257412,0.7512154789919667,0.8845925732072778,0.7523358911241644,0.030049609623324106,30
212,0.8584513573495265,0.7803344784899934,0.8366601460602777,0.7802897680963989,0.8802425686387753,0.7803791888835878,0.02179125715675847,30,0.8534490984231303,0.7936602640399892,0.8228957841766497,0.7925967406636365,0.884002412669611,0.794723787416342,0.0305718186148003,30
213,0.8580947377133779,0.8224228546176886,0.8372393492629562,0.8220426683650414,0.8789501261637995,0.8228030408703358,0.020858853492095035,30,0.8516336568540942,0.8355054124006455,0.8206817158210473,0.833799708861243,0.8825855978871411,0.8372111159400479,0.030998904468989542,30
214,0.8569172575425419,0.8644886191870895,0.8364036934930332,0.863631350534424,0.8774308215920505,0.8653458878397551,0.02053146900628729,30,0.848841133810443,0.8772770507086889,0.8179851899995471,0.8746883482568063,0.879697077621339,0.8798657531605715,0.030964344799229146,30
215,0.8545813475147548,0.9064946967949011,0.8340975633254735,0.9049614620524333,0.8750651317040361,0.9080279315373689,0.020541086229519633,30,0.8446361971080523,0.9189113768775052,0.813714576863941,0.9151072004450879,0.8755578173521635,0.9227155533099226,0.03115474854416241,30
216,0.8506388227297556,0.9483675583928322,0.8298877882025031,0.9459625912810778,0.871389857257008,0.9507725255045865,0.020889933000367525,30,0.8386271715818557,0.9602995568492307,0.8074563704960893,0.9550759137488484,0.8697979726676222,0.9655231999496131,0.031605462938685006,30
217,0.8449003888541503,0.9900259461168808,0.8234454341155943,0.9866096848881379,0.8663553435927063,0.9934422073456236,0.02172523702095097,30,0.8308160200726006,1.0013798727268124,0.7999590106422908,0.9950106965185809,0.8616730295029104,1.0077490489350438,0.03150748223126892,30
218,0.8374162271659196,1.0314086873795425,0.8148333033431778,1.0270085576137207,0.8599991509886613,1.0358088171453643,0.023007598534828158,30,0.8217193265071826,1.0422136879484973,0.7919934383356158,1.0354419068420704,0.8514452146787495,1.0489854690549243,0.030487463766962646,30
219,0.8288145994646781,1.0725835468569296,0.8050703242025442,1.067509305416297,0.8525588747268119,1.0776577882975622,0.024280414615937176,30,0.8122268489069967,1.0829802101544976,0.7849157013156378,1.0767296444051244,0.8395379964983556,1.0892307759038709,0.028017286716315426,30
220,0.8198345356759167,1.1136800036337609,0.7940949646665721,1.1081806314558575,0.8455741066852612,1.1191793758116642,0.026320497907451987,30,0.8030470695336032,1.123800025332492,0.7730609638382786,1.1173758715977387,0.8330331752289277,1.1302241790672454,0.030666533647918597,30
221,0.811237046638531,1.1548545142515425,0.7829037430405872,1.1492949295716621,0.8395703502364749,1.1604140989314229,0.028873605153946696,30,0.7947018230024224,1.1647820008316079,0.7577433065224218,1.1578459189712509,0.831660339482423,1.1717180826919649,0.037603738803156886,30
222,0.803638498648017,1.1962198443984302,0.7728176701144422,1.1911031920027015,0.8344593271815917,1.2013364967941589,0.03124265678899173,30,0.7876222130156566,1.2059904932793086,0.7433661249309393,1.1992813401330427,0.8318783011003739,1.2126996464255746,0.044761747826713605,30
223,0.7974637617190531,1.2378197071189865,0.7652453644017952,1.233693274284992,0.8296821590363109,1.241946139952981,0.03248157283177881,30,0.782169584118211,1.2474493443646826,0.730677637415184,1.2417714029520428,0.8336615308212381,1.2531272857773224,0.05180404997635557,30
224,0.7929556595872247,1.279629405921271,0.7605591702635262,1.2768264675422931,0.8253521489109232,1.2824323443002488,0.03251751811034879,30,0.7784571931253689,1.2891059538707688,0.7201739483472384,1.2851695620002,0.8367404379034994,1.2930423457413376,0.05841602351090113,30
225,0.7902161134172282,1.321588355974413,0.7555001875305566,1.3200355178556546,0.8249320393038998,1.3231411940931714,0.03475063764007716,30,0.77653407207915,1.3308902055448029,0.7123825509251175,1.3292726656123408,0.8406855932331826,1.332507745477265,0.06417191053575848,30
226,0.7891984660062672,1.363626863430032,0.7500613706921061,1.3634359450302351,0.8283355613204283,1.3638177818298287,0.03913756098002422,30,0.7763486826793178,1.3727293314262516,0.707359160864301,1.3738074365178592,0.8453382044943346,1.371651226334644,0.06899794512051237,30
227,0.7898059074390137,1.4056780533786817,0.7473422899793873,1.4070415020243858,0.83226952489864,1.4043146047329775,0.042485501055853775,30,0.7778414731773944,1.4145527142282632,0.7051866631907604,1.4184906093832688,0.8504962831640284,1.4106148190732577,0.0727614488066703,30
228,0.7918975383542718,1.4476875107031346,0.7469802558167015,1.4506318832401903,0.8368148208918421,1.444743138166079,0.04501368236655259,30,0.7808783675037773,1.4563027576517082,0.7057421938329905,1.4630139957382564,0.856014541174564,1.44959151956516,0.07543530546462286,30
229,0.7953079909332066,1.4896139805562603,0.7486527079747929,1.4940410475001829,0.8419632738916203,1.4851869136123377,0.04686485196451191,30,0.7852897016289576,1.497939919280347,0.7089355663845271,1.5071091187002936,0.8616438368733881,1.4887707198604005,0.07690271898267004,30
230,0.7998442563630401,1.5314351436136284,0.7521104112535755,1.5371439318437905,0.8475781014725048,1.5257263553834663,0.04807400786278583,30,0.7908624627560498,1.5394427270504472,0.7146062227096042,1.5505723867646677,0.8671187028024954,1.5283130673362266,0.07706415166194641,30
231,0.8052984140962861,1.5731485753981003,0.7572853895307999,1.579830229075641,0.8533114386617723,1.5664669217205596,0.04847571581516431,30,0.7973845369379405,1.5808091792870642,0.722317429916371,1.5932436792135338,0.87245164395951,1.5683746793605946,0.0760899950388298,30
232,0.8114416694916463,1.6147718306543752,0.7637733833943172,1.6220596464177797,0.8591099555889754,1.6074840148909708,0.048222170814451584,30,0.8045497435020335,1.6220728749992073,0.7316728426369047,1.6349456305757346,0.8774266443671622,1.60920011942268,0.07400507087922305,30
233,0.8180165966418471,1.6563359094226706,0.7710533520220856,1.6638791344095865,0.8649798412616087,1.6487926844357548,0.047565182522710775,30,0.811955160903566,1.6632982712280469,0.7420558297680475,1.6757670124175346,0.8818544920390845,1.6508295300385591,0.07100271825812934,30
234,0.824789250213044,1.697872321437603,0.7787541644155669,1.7053867697792635,0.870824336010521,1.6903578730959425,0.046644357196348574,30,0.8192607316769396,1.7045421650535562,0.7526221694762311,1.716383114231305,0.8858992938776481,1.6927012158758072,0.06768239098619169,30
235,0.8315763801587167,1.7394059857892317,0.7867151195342196,1.7466190373507198,0.8764376407832138,1.7321929342277436,0.0454374385022719,30,0.8264966525337196,1.7451349618464,0.763476945650271,1.7566360664754261,0.8895163594171682,1.733633857217374,0.06406058744160556,30
236,0.8381509490636103,1.7809748265855945,0.794744272097648,1.7876067363681356,0.8815576260295727,1.7743429168030533,0.043910384108900344,30,0.8337162222793101,1.7837502767960343,0.7750592203458007,1.7944185975686617,0.8923732242128195,1.7730819560234068,0.059619266549794166,30
237,0.844289073323662,1.8226121486702254,0.8022337329487584,1.828796543371452,0.8863444136985655,1.8164277539689988,0.042507627455193875,30,0.8404654940936461,1.8219390235026462,0.7861946688281991,1.831541651534917,0.8947363193590931,1.8123363954703755,0.05511381805063801,30
238,0.850103935042069,1.8622579461317685,0.8044096430201556,1.8749158079785,0.8957982270639825,1.849600084285037,0.047415079773367896,30,0.8468485650951276,1.8579698633392252,0.7976587272275308,1.8707540451941755,0.8960384029627244,1.8451856814842749,0.050823965362227504,30
239,0.8597957208415604,1.8785904243492804,0.8147009819248434,1.9489779461838679,0.9048904597582774,1.8082029025146928,0.08359389157098386,30,0.8552577684343551,1.8788554210295425,0.8091885720045284,1.9482229518422864,0.9013269648641817,1.8094878902167986,0.0832719952369759,30
240,0.8674789250210696,1.873389473657697,0.9055003950250101,1.8809641145686347,0.8294574550171291,1.8658148327467594,0.03876863895199566,30,0.8667934853687671,1.8712159229740122,0.906268363133597,1.8945280704461454,0.8273186076039372,1.847903775501879,0.04584454377906664,30
241,0.8660370980721697,1.8472613699495894,0.9214486983959865,1.840040262568639,0.8106254977483528,1.85448247733054,0.05588013817317954,30,0.8733737824696413,1.8481792492833011,0.9094247514424771,1.8527254568789375,0.8373228134968054,1.8436330416876647,0.03633648809919577,30
242,0.8591446442792207,1.8094358708249645,0.9327029330945369,1.7953699599641129,0.7855863554639044,1.8235017816858161,0.07489106556714824,30,0.8736174050449763,1.817102926296019,0.9338335762504731,1.812010262223354,0.8134012338394795,1.822195590368684,0.060431138513242624,30
243,0.8511468702219556,1.7693922798090884,0.9341480045496473,1.7517088275209944,0.7681457358942638,1.7870757320971824,0.08486396634914511,30,0.8673906818656498,1.7774344671478621,0.9428181456457293,1.7631183271477058,0.7919632180855704,1.7917506071480185,0.07677404611455142,30
244,0.8419580479855343,1.7287668383098307,0.9286314970932419,1.7071581251956178,0.7552845988778267,1.7503755514240436,0.08932649809926915,30,0.8584397591090484,1.7371364451714575,0.9397916506505614,1.7162869145054385,0.7770878675675353,1.7579859758374765,0.08398114780339316,30
245,0.8309286672015167,1.6882962246539714,0.9163170332089109,1.6623719027751456,0.7455403011941225,1.7142205465327973,0.08923700753773448,30,0.846828290895077,1.6972029536971267,0.9392350857859839,1.666584760675061,0.7544214960041702,1.7278211467191924,0.09734726234438548,30
246,0.817611563469077,1.6485754820768024,0.9007885584482487,1.6172309804832286,0.7344345684899054,1.6799199836703762,0.0888869522141168,30,0.8323011984686784,1.6582493400409393,0.9285507867157777,1.6176502181902779,0.7360516102215792,1.6988484618916007,0.10446182045503999,30
247,0.801465204044866,1.6101108268184485,0.8879825134623932,1.568988406282818,0.7149478946273388,1.651233247354079,0.09579299713213582,30,0.8145825860660032,1.6207570683907355,0.9064654396395767,1.5719257203981027,0.7226997324924297,1.6695884163833683,0.10405267573493898,30
248,0.7818884940875832,1.5734178477068945,0.8671593134255978,1.5223478461743734,0.6966176747495686,1.6244878492394157,0.09939445501187702,30,0.7934686878094063,1.5851806651532738,0.8742334954397067,1.5314738821112088,0.7127038801791058,1.6388874481953388,0.09699161147381188,30
249,0.7588151855086978,1.5388987274210228,0.8384023118919859,1.4796883317189073,0.6792280591254096,1.5981091231231384,0.09919668162368425,30,0.7688441276055435,1.5519751084663773,0.8430823403675745,1.4909030930635798,0.6946059148435126,1.6130471238691748,0.09613065743798957,30
250,0.7323896714333576,1.506884445798468,0.8031981967336915,1.4421882039138028,0.6615811461330238,1.5715806876831333,0.09591376840270197,30,0.7409939192546596,1.5213931348595353,0.8077372891373282,1.4546651860806359,0.674250549371991,1.5881210836384347,0.09437847514944366,30
251,0.7028537669205652,1.4776502621546102,0.7633686607438724,1.410194093243408,0.642338873097258,1.5451064310658122,0.09062222188085414,30,0.7103855679927356,1.4935030388396924,0.7691107536413053,1.4229543834556095,0.6516603823441658,1.5640516942237752,0.09179193976576082,30
252,0.670542115843807,1.451401036050435,0.7204903720830607,1.3837155795757081,0.6205938596045533,1.519086492525162,0.08411985092434665,30,0.6773707046954892,1.468432733754725,0.7279758010417953,1.39543740646729,0.6267656083491832,1.5414280610421598,0.08882113251934283,30
253,0.6358587593749896,1.4282115203934962,0.675760376603519,1.3626959957201867,0.5959571421464602,1.4937270450668056,0.076709993030055,30,0.6422659656511809,1.4462781113317666,0.6852829419730359,1.3713790656402696,0.5992489893293259,1.5211771570232637,0.08637318621755248,30
254,0.5992725075821916,1.407994948057359,0.6300238166205964,1.3469127755101153,0.5685211985437869,1.4690771206046027,0.06838621798774029,30,0.6053670238291711,1.4270786603307368,0.6407790838571944,1.3518576827297721,0.5699549638011477,1.5022996379317015,0.08313969850001356,30
255,0.561194831066778,1.3906225899792863,0.5839985212868276,1.3355475520082387,0.5383911408467285,1.445697627950334,0.0596092953755061,30,0.567001104425944,1.4108453920463588,0.5951630575399594,1.3368490613838844,0.5388391513119286,1.4848417227088333,0.07917419121599073,30
256,0.5219441445953122,1.37597732083932,0.5381733997006762,1.3278286238901826,0.5057148894899482,1.4241260177884574,0.0508102916659101,30,0.5275044822431864,1.397445282217914,0.5490806794352573,1.3259564900977334,0.5059282850511154,1.4689340743380945,0.07467382194633891,30
257,0.4818054745707741,1.3638631925113676,0.49282320796741774,1.3232314749013532,0.47078774117413047,1.404494910121382,0.04209901335114016,30,0.487153049756439,1.3867462665490886,0.5031083961975144,1.318652963830931,0.47119770331536376,1.4548395692672462,0.06993762188637374,30
258,0.4410155414795009,1.3540326474230766,0.44862516211476794,1.3185736862894588,0.43340592084423385,1.3894916085566944,0.036266296349201345,30,0.4462224335501298,1.3783996023262226,0.45782498651309594,1.3145458090196096,0.43461988058716367,1.4422533956328356,0.0648993540407152,30
259,0.39975559289639406,1.3462549927009497,0.40524622110416014,1.3133250104182022,0.394264964688628,1.3791849749836973,0.0333845882295706,30,0.40495116845971263,1.3718097744158648,0.41335965773074024,1.313467007522588,0.396542679188685,1.4301525413091416,0.05894557778649916,30
260,0.35817752843623996,1.3402205315468736,0.3621077863170244,1.3095140287461786,0.3542472705554555,1.3709270343475686,0.030957006335538256,30,0.36348659752657114,1.3664755297019988,0.3696354070283576,1.3143835181481076,0.35733778802478466,1.41856754125589,0.05245365121724116,30
261,0.31639635447607184,1.3355854838394507,0.319205668447161,1.306714046826015,0.3135870405049827,1.3644569208528865,0.029007794128629315,30,0.3219053474437678,1.3620072554093137,0.32701116102144484,1.3109511381581085,0.3167995338660908,1.4130633726605188,0.05131078289267093,30
262,0.2744880353149171,1.332077186892789,0.2764857659202943,1.3047406706058338,0.27249030470953994,1.3594137031797442,0.02740941535820543,30,0.2802426560101239,1.3581508064418493,0.28481399563383103,1.3056605207123055,0.27567131638641673,1.410641092171393,0.05268896698479113,30
263,0.23250199834628446,1.3294545518253058,0.23390880466242278,1.3034570546151156,0.23109519203014614,1.355452049035496,0.026035532742868316,30,0.2385255844560264,1.35474577437404,0.24262599158832238,1.3010856069989316,0.23442517732373042,1.4084059417491486,0.05381660432780233,30
264,0.19046653721682866,1.3275305194478373,0.19142721661124046,1.30274195283269,0.18950585782241686,1.3523190860629846,0.02480717516631907,30,0.1967629127486396,1.3517717556222946,0.2004846335644874,1.2971299803335234,0.19304119193279182,1.4064135309110657,0.05476837420025969,30
265,0.14839930698565143,1.3261951571269708,0.14902294977256728,1.3024680932009864,0.14777566419873558,1.3499222210529551,0.023735258432834045,30,0.15497482356953204,1.349055025778705,0.15851614947226075,1.2931665807405934,0.15143349766680334,1.4049434708168167,0.05600052926470761,30
266,0.10631457377573214,1.3253186669755483,0.10671928747262324,1.3023627980268722,0.10590986007884104,1.3482745359242245,0.022959436237966365,30,0.11317509276987386,1.3464752813360343,0.11661385283099225,1.2891078191497045,0.10973633270875548,1.4038427435223642,0.0574704340374939,30
267,0.06422305187869842,1.3247111234155504,0.06450315063104999,1.3017496591578341,0.06394295312634686,1.3476725876732667,0.022963172606794882,30,0.07135698002555645,1.3440427472183962,0.0746883914152222,1.285256145342004,0.0680255686358907,1.4028293490947885,0.05888092103577046,30
268,0.02212961745121571,1.3242917245746366,0.0223395736575951,1.3010795567174256,0.02191966124483632,1.3475038924318476,0.023213117374448797,30,0.029524042772252988,1.341734812388611,0.032664759415614045,1.281932292099502,0.02638332612889193,1.40153733267772,0.05988493578491317,30
269,-0.019962976358697607,1.3239496529993617,-0.01977499474726465,1.3006330051226167,-0.020150957970130563,1.3472663008761068,0.023317405629579763,30,-0.012323972376944369,1.3396479799297891,-0.009426860831572367,1.2793423738121235,-0.01522108392231637,1.3999535860474548,0.06037515535818812,30
270,-0.062053539451269894,1.3236130298680178,-0.061841629632879695,1.2996458641894566,-0.06226544926966009,1.347580195546579,0.023968102478809882,30,-0.05418363901994571,1.3377134533978179,-0.05135348854683005,1.2767849602549362,-0.05701378949306137,1.3986419465406996,0.06099418848023695,30
271,-0.10414225943672331,1.3232053673867648,-0.10386063770298719,1.2980311574337449,-0.10442388117045943,1.3483795773397846,0.025175785142863706,30,-0.09604334910984996,1.33575918469709,-0.09306792013238968,1.273774608298307,-0.09901877808731024,1.397743761095873,0.06205594966589796,30
272,-0.146229133833958,1.3226713646927228,-0.14581557779524731,1.2957347255547258,-0.14664268987266868,1.3496080038307199,0.026939813597124804,30,-0.1378940486313727,1.3336951250822306,-0.13474410679373847,1.270669705683243,-0.14104399046900692,1.3967205444812183,0.06310408563634179,30
273,-0.18831291105566458,1.321913102190617,-0.1876513739265603,1.292753844299501,-0.18897444818476886,1.351072360081733,0.029166761084045537,30,-0.17973985014056215,1.3315761247067828,-0.17649172084559056,1.26785286053719,-0.18298797943553374,1.3952993888763756,0.06380599298141641,30
274,-0.23038859823164579,1.3207620359069048,-0.2294614623641308,1.2915754963561463,-0.23131573409916076,1.3499485754576632,0.029201261477285904,30,-0.22158593141105742,1.3294291468755188,-0.2183574425092355,1.2657402733236447,-0.22481442031287935,1.393118020427393,0.06377064963520285,30
275,-0.2724497102284575,1.3192404234321318,-0.2712624363666568,1.2894617769362458,-0.27363698409025816,1.3490190699280178,0.029802305386494258,30,-0.26343720790298064,1.3273333743552995,-0.2602851660261952,1.2638480320578493,-0.26658924977976606,1.3908187166527497,0.06356354343975344,30
276,-0.31449666859733216,1.317408649327516,-0.3130888084278122,1.2875464217004722,-0.3159045287668521,1.3472708769545596,0.029895396118906004,30,-0.3052911894929977,1.3252731878898176,-0.30212805260112036,1.2604367028527699,-0.3084543263848751,1.3901096729268654,0.06491359816676368,30
277,-0.35652716945845425,1.3152765762777034,-0.3549441048689961,1.2855689920094502,-0.3581102340479124,1.3449841605459567,0.029749733722333787,30,-0.3471348286202296,1.3232500710778037,-0.34375694775803006,1.2531529473701164,-0.35051270948242913,1.393347194785491,0.07017846415539467,30
278,-0.3985472511450399,1.3129297425354616,-0.3969077444633268,1.2833342663734482,-0.40018675782675306,1.342525218697475,0.029640853419152523,30,-0.38895261404713316,1.3212416626294627,-0.3856689961432827,1.2427133299614883,-0.3922362319509836,1.3997699952974372,0.07859695400046084,30
279,-0.4405705033465742,1.310620810419816,-0.4392536239936381,1.2815502357859359,-0.44188738269951033,1.3396913850536962,0.029100386265034243,30,-0.430754640395209,1.3197535558490663,-0.42910005952223823,1.2319051790078015,-0.43240922126817977,1.407601932690331,0.08786395706721876,30
280,-0.4826153222761829,1.309121510035484,-0.48231993603682466,1.2810776727337185,-0.4829107085155412,1.3371653473372496,0.028045392912888507,30,-0.47250866252435764,1.3196679256453265,-0.47551550941455156,1.2240129725088853,-0.4695018156341637,1.4153228787817678,0.09570220053768798,30
281,-0.5246444603014662,1.3097352579290622,-0.5262174635217618,1.2823452747970943,-0.5230714570811705,1.3371252410610301,0.027435114636183876,30,-0.5140716212754374,1.3223725671667836,-0.5252315213928397,1.222586392735646,-0.5029117211580351,1.4221587415979213,0.10040828640222799,30
282,-0.566436288334266,1.3139353373716451,-0.5710816244262413,1.2843637495015836,-0.5617909522422906,1.3435069252417067,0.029934227174994457,30,-0.5551446397821259,1.3289097796151572,-0.5764520498441037,1.2284435713451654,-0.5338372297201481,1.429375987885149,0.10270085066686967,30
283,-0.6074857826699886,1.3227486201602823,-0.6160865964123339,1.2920467187322195,-0.5988849689276434,1.353450521588345,0.03188386344734574,30,-0.5953166344307662,1.3396034435042201,-0.6272931045698715,1.2411706424484088,-0.5633401642916609,1.4380362445600314,0.10349642972706843,30
284,-0.6471345888559662,1.3365421147967247,-0.6598001809356238,1.306468911674579,-0.6344689967763086,1.3666153179188705,0.032631499639981756,30,-0.6341072697545779,1.3545612509980318,-0.6763672911916288,1.2606417737063838,-0.591847248317527,1.4484807282896799,0.1029892112145558,30
285,-0.6847054609789718,1.3552703619252537,-0.7011208216464446,1.327016499577442,-0.6682901003114989,1.3835242242730654,0.03267636459908458,30,-0.6710431558505476,1.3736773599147178,-0.7224475698522135,1.2862817894477674,-0.6196387418488818,1.4610729303816683,0.10139230501422865,30
286,-0.7195856459765388,1.3786358370189535,-0.7390790747633406,1.3531846811743893,-0.7000922171897371,1.4040869928635178,0.03205861974088095,30,-0.7057131429360372,1.396678465066249,-0.7643012483858755,1.3180385784370896,-0.6471250374861988,1.4753183516954083,0.09806527351335143,30
287,-0.7512348671686068,1.406226249732716,-0.7728578155936873,1.3842683560410638,-0.7296119187435263,1.4281841434243683,0.03081721911476759,30,-0.7376932731702606,1.4233328753172987,-0.8006088851149058,1.355772099300569,-0.6747776612256153,1.4908936513340283,0.09231918913396005,30
288,-0.7793147138339015,1.4374537988824305,-0.8022383802370375,1.41910701468457,-0.7563910474307655,1.4558005830802911,0.029361521959277527,30,-0.7665693289486485,1.4533504633667496,-0.8306800548522605,1.3980499107335453,-0.7024586030450365,1.5086510159999538,0.08466602800076226,30
289,-0.8036376663936277,1.4717017180801861,-0.826966776860335,1.4569647229120803,-0.7803085559269203,1.486438713248292,0.02759395625408962,30,-0.7920411763680342,1.486339181031076,-0.8544399086073734,1.4430632196838382,-0.729642444128695,1.5296151423783138,0.0759368857381205,30
290,-0.8241263289934346,1.5083919452496657,-0.8468458097423831,1.4971542514550578,-0.8014068482444862,1.5196296390442736,0.025346805860368457,30,-0.8140268216296423,1.52177846095162,-0.872726585855557,1.4890723426138155,-0.7553270574037277,1.5544845792894246,0.06719637264692523,30
291,-0.8408600320900699,1.5469549538710035,-0.8622858175821135,1.538785017300032,-0.8194342465980262,1.555124890441975,0.022930594138067268,30,-0.8326070196837254,1.5591452968061803,-0.8864507521062581,1.5351701220656553,-0.7787632872611927,1.5831204715467053,0.05894027930904313,30
292,-0.8540554888207167,1.586881631533751,-0.8736955843203267,1.5812108645848548,-0.8344153933211067,1.5925523984826473,0.020442381197465567,30,-0.8479612024094412,1.597988696681139,-0.8952667290139428,1.581338079939497,-0.8006556758049396,1.614639313422781,0.05015033285239755,30
293,-0.864176209930918,1.627708044873848,-0.8818427033579791,1.6239179491655689,-0.846509716503857,1.631498140582127,0.01806847573776786,30,-0.8603324363903633,1.637915078009336,-0.8994332291985777,1.6272695530907872,-0.8212316435821488,1.6485606029278845,0.04052405704050811,30
294,-0.8716948498368577,1.6691026833052154,-0.8874294773493732,1.666650341948168,-0.8559602223243423,1.6715550246622628,0.01592458731299154,30,-0.8699150993833349,1.6786249061190976,-0.8991442230563214,1.6727066388462677,-0.8406859757103484,1.6845431733919276,0.029822266148020825,30
295,-0.8771312823058325,1.710829930671335,-0.8918273353350431,1.7091994558370285,-0.8624352292766219,1.7124604055056416,0.014786224089424458,30,-0.876929002625635,1.7198821580134305,-0.8958559909037325,1.7171425808187657,-0.8580020143475375,1.7226217352080953,0.019124229879521067,30
296,-0.8809739528761557,1.7527385588549471,-0.8957528550981422,1.7515844266596425,-0.8661950506541691,1.7538926910502517,0.014823898677853893,30,-0.8819063193647786,1.761468959745642,-0.8942956806929824,1.7602016142003534,-0.8695169580365748,1.7627363052909308,0.012454012961770766,30
297,-0.8836840509837405,1.7947394931704042,-0.8992481393584151,1.793956096702025,-0.8681199626090659,1.7955228896387834,0.01558379148222119,30,-0.8854540611008606,1.803221725652482,-0.8968019614489454,1.8024437221778316,-0.8741061607527757,1.8039997291271326,0.0113745387474233,30
298,-0.8852049225165127,1.8367971269632875,-0.9021909588345063,1.8366353629842957,-0.8682188861985192,1.8369588909422792,0.01698680656807201,30,-0.8876380787651408,1.8450719726032885,-0.9005459363593203,1.8447381180620976,-0.8747302211709612,1.8454058271444793,0.012912174353155772,30
299,-0.8844852622267735,1.878870727808458,-0.90207972319169,1.8791716774448444,-0.8668908012618569,1.8785697781720716,0.017597034617503456,30,-0.8876203277225038,1.8869763481400652,-0.9047617984489256,1.8869836094098926,-0.870478856996082,1.8869690868702378,0.01714147226438891,30
